11338,0,0,0,0,0,0,0,0,0,0,0,0,0,0,0,1,0,0,0,0,0,0,0,0,0,1,0,1,1,0,1,1,0,0,1,0,0,0,1,1,1,1,1,1,1,1,1,1,1,1,1,1,1,1,1,1,1,1,1,1,1,1,1,1,1,1,1,1,2,1,2,2,2,2,1,2,2,2,2,2,2,2,2,2,2,2,2,2
11338,0,0,0,0,0,0,0,0,0,0,0,0,0,0,0,1,0,0,0,0,1,0,0,0,0,0,0,1,1,0,1,1,0,0,1,0,0,1,1,1,1,1,0,1,1,1,1,1,1,1,1,1,1,1,1,1,1,1,1,1,1,1,1,1,1,1,1,1,2,1,2,1,2,2,1,2,2,2,2,2,2,2,2,2,2,2,2,2
11338,0,0,0,0,0,0,0,0,0,0,0,0,0,0,0,0,0,0,0,0,0,0,1,0,0,1,0,0,0,0,0,1,0,0,1,0,0,0,1,1,1,1,1,1,1,1,1,1,1,1,1,1,1,1,1,1,1,1,1,1,1,1,1,1,1,1,1,1,2,1,2,2,2,2,1,2,2,2,2,2,2,2,2,2,2,2,2,2
11338,0,0,0,0,0,0,0,0,0,0,0,0,0,0,0,0,0,1,0,0,0,0,1,0,0,1,0,0,0,0,0,1,1,1,1,0,0,0,1,1,1,1,0,1,1,1,1,1,1,1,1,1,1,1,1,1,1,1,1,1,1,1,1,1,1,1,1,1,2,1,2,2,2,2,1,2,2,2,2,2,2,2,2,2,2,2,2,2
11338,0,0,0,0,0,0,0,0,0,0,0,0,0,0,0,0,0,0,0,0,0,0,1,0,0,0,0,0,0,0,0,1,1,1,0,1,0,0,1,1,1,1,0,1,1,1,1,1,1,1,1,1,1,1,1,1,1,1,1,1,1,1,1,1,1,1,1,1,2,1,1,2,2,2,1,2,2,2,2,2,2,2,2,2,2,2,2,2
11338,0,0,0,0,0,0,0,0,0,0,0,0,0,0,0,0,0,1,0,0,0,0,1,0,0,0,0,0,0,1,0,1,0,1,0,1,0,0,1,1,1,1,1,1,1,1,1,1,1,1,1,1,1,1,1,1,1,1,1,1,1,1,1,1,1,1,1,1,1,1,1,2,2,2,1,2,2,2,2,2,2,2,2,2,2,2,2,2
11338,0,1,0,0,0,1,0,0,1,0,0,1,0,1,0,1,0,1,0,1,1,0,1,1,1,1,1,1,1,1,1,2,1,1,2,2,1,1,1,1,1,2,1,1,1,1,1,1,1,1,1,1,1,1,1,1,1,1,1,2,2,2,2,1,1,1,1,1,2,2,2,2,2,2,1,2,2,2,2,2,2,2,2,2,2,2,2,2
11338,0,0,0,0,0,0,0,0,0,0,0,0,0,1,0,1,0,1,0,1,1,0,1,1,1,1,1,1,1,1,1,2,1,1,1,1,1,2,1,1,1,1,1,2,1,1,1,1,1,1,1,1,1,1,2,2,1,1,1,1,2,2,1,2,2,1,2,1,2,2,2,2,2,2,2,2,2,2,2,3,2,2,2,2,2,2,3,2
11338,0,1,0,0,0,1,0,0,1,0,0,1,0,0,0,1,0,1,0,1,1,0,2,1,1,1,1,1,1,1,1,2,1,1,1,2,1,2,1,1,1,2,1,2,1,1,1,1,1,1,1,1,1,1,2,2,2,1,1,2,2,2,2,2,2,2,2,1,2,2,2,2,2,2,2,2,2,2,2,3,2,2,2,2,3,2,3,3
11338,0,1,0,0,0,1,0,0,1,0,0,1,0,1,0,1,0,1,0,1,1,0,1,1,2,2,1,1,1,1,2,2,1,1,1,2,1,2,1,1,1,2,1,2,1,1,1,1,1,1,2,1,1,1,2,2,2,1,1,2,2,2,2,2,2,1,2,2,2,2,2,2,2,2,2,2,2,2,2,3,2,2,2,2,3,3,3,3
11338,0,0,0,0,0,1,0,0,1,0,0,1,0,1,0,1,0,1,0,1,1,0,1,1,2,2,1,1,1,1,2,2,1,1,1,2,1,2,1,1,1,2,1,2,1,1,1,1,1,1,2,1,1,1,2,2,2,1,2,2,2,2,2,2,2,1,2,2,2,2,2,2,2,2,2,2,2,2,2,3,2,2,2,2,3,3,3,3
11338,0,1,0,0,0,1,0,0,1,0,0,1,0,1,0,1,0,1,0,1,1,0,2,1,2,2,1,1,1,1,2,2,1,1,1,2,1,2,1,1,1,2,1,2,1,1,1,1,1,1,2,1,1,1,2,2,2,1,2,2,2,2,2,2,2,1,2,2,2,2,2,2,2,2,2,2,2,2,2,3,2,2,2,2,3,3,3,3
11338,0,1,0,0,0,1,0,0,1,0,0,1,0,1,0,1,0,2,0,1,1,0,1,2,2,2,1,1,1,1,2,2,0,1,1,2,1,2,1,1,1,2,1,2,1,1,1,1,1,1,2,1,1,1,2,2,2,1,2,2,2,2,2,2,2,1,2,2,2,2,2,2,2,2,2,2,2,2,2,3,2,2,3,3,3,3,3,3
11338,0,1,0,0,0,1,0,0,1,0,0,2,0,1,0,1,0,2,0,1,2,0,1,2,1,2,1,1,1,1,2,2,1,1,2,2,1,2,1,1,1,2,1,2,1,1,1,1,1,1,2,1,1,1,2,2,2,1,2,2,2,2,2,2,2,2,2,2,2,2,2,2,2,2,2,2,2,2,2,3,3,3,3,3,3,3,3,3
11338,0,1,0,0,0,1,0,0,1,0,0,2,0,2,0,2,0,2,0,1,2,0,1,2,1,2,1,1,1,1,2,2,1,1,2,2,1,2,1,1,1,2,1,2,1,1,1,1,1,1,2,1,1,1,2,2,2,1,2,2,2,2,2,2,2,2,2,2,2,2,2,2,2,3,2,2,2,2,2,3,3,3,3,3,3,3,3,3
11338,0,1,0,0,0,1,0,0,1,0,0,2,0,2,0,2,0,2,0,1,1,0,1,2,1,2,1,2,2,1,2,2,1,1,2,2,1,2,1,1,1,2,2,2,1,2,2,1,1,1,2,1,1,1,2,2,2,2,2,2,2,2,2,2,2,2,2,2,2,2,2,2,2,3,2,2,2,2,3,3,3,3,3,3,3,3,3,3
11338,0,1,0,0,0,1,0,0,1,0,0,2,0,2,0,2,0,2,0,1,2,0,0,2,1,2,1,1,2,1,2,2,1,1,2,2,1,2,1,1,1,2,2,2,1,2,1,2,1,2,2,1,1,1,2,2,2,2,2,2,2,2,2,2,2,2,2,2,2,2,2,2,2,3,2,2,3,2,3,3,3,3,3,3,3,3,3,3
11338,0,1,0,0,0,1,0,0,1,0,0,2,0,2,0,3,0,2,0,1,2,0,1,2,1,1,2,2,2,1,2,2,1,1,2,2,1,2,2,2,1,2,2,2,1,2,1,2,2,2,2,1,1,1,2,2,2,2,2,2,2,2,2,2,2,2,2,2,2,3,2,2,3,3,2,2,3,3,3,3,3,3,3,3,3,3,3,3
11338,0,1,0,0,0,1,0,0,1,0,0,1,0,3,0,3,0,1,0,1,1,0,1,2,1,1,2,2,2,1,2,2,1,0,2,2,1,2,1,2,1,2,2,2,1,2,1,2,1,2,2,1,1,2,2,2,2,2,2,2,2,2,2,2,2,2,2,2,2,3,2,2,3,3,2,2,3,3,3,3,3,3,3,3,3,3,3,3
11338,0,1,0,0,0,1,0,0,1,0,0,1,0,2,0,3,0,2,0,1,1,0,1,1,1,1,2,2,1,1,2,2,1,0,2,2,1,2,1,2,1,2,2,2,1,2,2,2,1,2,2,1,1,1,2,2,1,2,2,2,2,2,2,2,2,2,2,2,2,2,2,2,3,3,2,2,3,3,3,3,3,3,3,3,3,3,3,3
11338,0,1,0,0,0,1,0,0,1,0,0,1,0,2,0,3,0,2,0,2,1,0,1,1,1,1,2,2,2,1,2,1,1,1,1,2,1,1,2,2,1,1,2,1,1,2,2,2,1,2,2,1,1,1,2,1,1,2,2,2,2,2,2,2,2,2,2,2,2,2,2,2,2,3,2,2,3,3,3,3,3,3,3,3,3,3,3,3
11338,0,1,0,0,0,1,0,0,1,0,0,1,0,2,0,3,0,2,0,1,1,0,1,1,1,1,2,2,2,0,2,1,1,1,1,2,1,1,1,2,1,2,2,2,1,2,1,2,1,2,2,1,1,1,2,2,1,2,2,2,2,2,2,2,2,2,2,2,2,2,2,3,2,3,2,3,3,3,3,3,3,3,3,3,3,3,3,3
11338,0,1,0,0,0,1,0,0,1,0,0,1,0,2,0,3,0,1,0,1,1,0,2,1,1,1,2,2,2,1,2,2,1,1,1,2,1,1,1,2,1,2,2,2,2,2,2,2,1,2,1,2,2,1,2,2,1,2,2,2,2,2,2,2,2,2,2,2,2,2,2,2,2,3,3,3,3,3,3,3,3,3,3,3,3,3,3,3
11338,0,2,0,0,0,2,0,0,2,0,0,2,0,3,0,4,0,2,0,2,2,0,2,2,2,2,2,1,2,1,2,2,1,1,2,2,1,1,2,2,1,1,2,2,2,2,1,2,2,2,2,2,1,2,2,2,2,1,2,2,2,2,2,2,2,2,2,2,2,2,2,3,3,3,3,2,3,3,3,3,3,3,3,3,3,3,3,3
11338,0,1,0,0,0,2,0,0,2,0,0,3,0,4,0,4,0,2,0,2,2,0,2,2,2,2,3,1,2,1,2,2,1,1,1,2,1,1,2,2,1,1,2,2,2,2,2,2,2,2,2,2,1,1,1,2,2,2,2,2,2,2,2,2,2,2,2,2,2,3,2,2,2,3,3,3,3,3,3,3,3,3,3,3,3,3,4,3
11338,0,1,0,0,0,2,0,0,2,0,0,3,0,4,0,4,0,2,0,2,2,0,2,2,2,1,2,1,2,1,2,3,1,1,1,2,0,1,2,2,2,2,2,2,2,2,2,2,2,2,1,2,1,2,2,2,2,2,2,2,2,2,2,2,2,2,2,2,2,2,2,3,3,3,3,3,3,3,3,3,3,3,3,3,3,4,4,3
11338,0,1,0,0,0,1,0,0,2,0,0,3,0,4,0,5,0,2,0,1,3,0,3,3,2,2,3,1,2,1,1,2,2,2,2,2,1,2,2,2,2,1,2,2,1,2,2,2,2,2,1,2,1,2,2,2,2,2,2,2,2,2,2,3,2,2,2,2,3,3,3,3,3,3,3,3,3,3,3,3,3,3,3,3,3,3,4,3
11338,0,2,0,0,0,1,0,0,2,0,0,3,0,4,0,4,0,3,0,1,3,0,3,3,2,1,3,2,2,2,2,3,2,2,2,2,1,2,2,2,2,1,2,2,1,2,2,2,2,2,2,2,2,1,2,2,2,2,2,2,2,2,2,3,2,2,2,2,3,3,3,3,3,3,3,3,3,3,3,3,3,3,3,3,3,3,4,3
11338,0,1,0,0,0,1,0,0,2,0,0,3,0,4,0,4,0,3,0,2,3,0,3,3,2,1,3,2,2,2,2,2,2,2,2,2,1,2,2,2,2,1,2,2,1,2,2,2,2,2,2,2,2,2,2,2,2,2,2,2,2,2,2,2,2,2,2,2,3,3,3,3,3,3,3,3,3,3,3,3,3,3,3,3,3,3,4,3
11338,0,1,0,0,0,1,0,0,2,0,0,3,0,4,0,4,0,3,0,1,3,0,3,3,1,1,3,2,2,1,1,2,2,2,2,2,1,2,2,2,2,2,2,2,1,2,2,2,2,2,2,2,2,2,2,2,2,2,2,2,2,2,2,3,2,3,2,2,3,3,3,3,3,3,3,3,3,3,3,3,3,3,3,3,3,3,4,3
11338,0,1,0,0,0,1,0,0,2,0,0,3,0,4,0,4,0,3,0,1,2,0,3,2,2,1,3,2,2,1,2,2,2,2,2,2,1,1,2,2,2,1,2,2,1,2,2,2,2,2,2,2,2,2,2,2,2,2,2,2,2,2,2,2,2,3,2,2,3,3,3,3,3,3,3,3,3,3,3,3,3,3,3,3,3,3,4,3
11338,0,1,0,0,0,1,0,0,2,0,0,3,0,4,0,4,0,3,0,1,3,0,3,3,2,1,3,2,2,1,2,2,2,2,2,2,1,1,2,2,2,1,2,2,2,2,2,2,2,2,2,2,1,2,2,2,2,2,2,2,2,2,2,2,2,3,2,2,3,3,3,2,3,3,3,3,3,3,3,3,3,3,3,3,3,3,4,4
11338,0,2,0,0,0,1,0,0,2,0,0,3,0,4,0,4,0,3,0,1,3,0,3,2,2,1,3,2,2,1,1,2,2,1,2,2,1,1,1,2,2,1,2,2,2,2,2,2,2,2,2,2,2,2,2,2,2,2,2,2,2,2,2,2,2,3,2,2,3,3,3,2,3,3,3,3,3,3,3,3,3,3,3,3,3,3,4,3
11338,0,1,0,0,0,1,0,0,2,0,0,3,0,4,0,5,0,3,0,1,3,0,3,2,2,1,3,2,2,1,1,2,2,2,2,2,1,1,1,2,2,1,2,2,2,2,1,2,2,2,2,2,2,2,2,2,2,2,2,2,2,2,2,2,2,3,2,2,3,3,3,2,3,3,3,3,3,3,3,3,3,3,3,3,3,3,3,4
11338,0,1,0,0,0,1,0,0,2,0,0,3,0,4,0,5,0,2,0,1,3,0,3,2,2,1,3,2,2,1,1,3,2,2,2,2,1,1,1,2,2,1,2,2,2,2,2,2,2,2,2,2,2,2,2,2,2,2,2,2,2,2,2,2,2,3,2,2,3,3,3,3,3,3,3,3,3,3,3,3,3,3,3,3,3,3,3,4
11338,0,1,0,0,0,2,0,0,2,0,0,2,0,4,0,4,0,3,0,3,3,0,2,2,2,2,2,2,2,2,0,3,2,2,2,2,1,1,1,2,2,1,2,1,2,2,1,2,2,2,2,2,2,2,2,2,2,2,2,2,2,2,2,2,2,2,2,2,3,3,3,3,3,3,3,3,3,3,3,2,3,3,3,3,3,3,3,4
11338,0,2,0,0,0,2,0,0,2,0,0,2,0,3,0,4,0,2,0,3,3,0,2,2,2,2,2,1,1,2,1,2,2,1,2,2,1,2,1,2,2,1,2,2,2,2,1,2,2,2,2,2,2,2,2,2,2,2,2,2,2,2,2,2,2,2,2,2,3,3,3,3,3,3,3,3,3,3,3,2,3,3,3,3,3,3,3,3
11338,0,2,0,0,0,2,0,0,2,0,0,2,0,3,0,3,0,2,0,2,2,0,2,2,2,2,2,2,2,2,1,2,2,1,2,2,1,1,1,2,1,2,2,2,2,1,1,2,2,2,2,1,2,2,2,2,2,2,2,2,2,2,2,2,2,3,2,2,2,2,3,3,3,3,3,3,3,3,3,2,3,3,3,3,3,3,3,4
11338,0,1,0,0,0,0,0,0,1,0,0,1,0,3,0,3,0,2,0,0,0,0,2,2,2,2,1,1,1,2,1,2,1,1,1,2,1,1,2,2,1,1,2,1,2,1,2,2,2,2,2,1,2,2,2,2,2,1,2,2,2,2,2,2,2,2,2,2,2,2,2,3,3,3,3,3,3,3,3,2,3,3,3,3,3,3,3,3
11338,0,1,0,0,0,1,0,0,1,0,0,1,0,3,0,3,0,2,0,1,1,0,2,2,1,2,1,1,0,2,1,2,1,1,1,1,1,1,2,2,1,2,2,1,2,1,2,2,2,2,2,1,2,2,2,2,2,2,2,2,2,2,2,2,2,2,2,2,2,2,2,3,3,3,3,3,3,3,3,3,3,3,3,3,3,3,3,3
11338,0,1,0,0,0,1,0,0,1,0,0,1,0,3,0,3,0,1,0,1,0,0,2,2,1,2,1,1,1,2,1,2,2,1,2,2,0,1,2,2,1,1,2,1,1,1,2,2,1,2,2,2,2,2,2,2,2,2,2,2,2,2,2,2,2,2,3,2,3,2,3,3,3,3,3,3,3,3,3,3,3,3,3,3,3,3,3,3
11338,0,1,0,0,0,1,0,0,1,0,0,1,0,3,0,3,0,1,0,1,1,0,2,1,2,1,2,1,2,1,2,1,1,1,2,1,1,1,1,2,1,1,2,1,1,2,2,2,1,2,2,2,2,2,2,2,2,2,2,2,2,2,2,2,2,2,2,2,2,2,2,3,3,3,3,3,3,3,2,3,3,3,3,3,3,3,3,3
11338,0,1,0,0,0,1,0,0,1,0,0,1,0,3,0,3,0,1,0,1,1,0,2,1,2,1,2,2,2,1,2,1,1,0,2,2,0,1,1,2,1,1,2,1,1,1,2,2,2,2,2,2,2,2,2,2,2,2,2,2,2,2,2,2,2,2,2,2,3,2,2,3,3,3,3,3,3,3,3,3,3,3,3,3,3,3,3,3
11338,0,1,0,0,0,1,0,0,0,0,0,1,0,3,0,3,0,1,0,1,1,0,2,1,2,1,2,2,2,1,2,1,1,1,2,1,1,1,1,2,1,1,3,2,1,1,2,2,1,2,2,2,2,2,2,2,2,2,2,2,2,2,2,2,2,2,2,2,2,2,2,3,3,3,3,2,3,2,3,3,3,3,3,3,3,3,4,3
11338,0,1,0,0,0,1,0,0,1,0,0,1,0,3,0,3,0,1,0,1,1,0,2,2,1,1,2,2,2,1,1,2,1,1,2,1,0,1,1,1,1,1,2,1,2,1,2,1,1,2,2,2,1,2,2,1,2,2,2,2,2,2,2,2,2,2,2,2,2,2,2,3,3,3,3,2,3,2,3,3,3,3,3,3,3,3,4,4
11338,0,1,0,0,0,1,0,0,1,0,0,1,0,3,0,3,0,1,0,1,1,0,2,2,1,1,2,2,2,1,1,2,1,1,2,1,0,1,2,1,1,1,2,1,1,1,2,1,1,2,2,2,2,2,2,1,2,2,2,2,2,2,2,2,2,2,2,2,2,2,2,2,3,3,3,2,3,2,3,3,3,3,3,3,3,3,4,4
11338,0,1,0,0,0,1,0,0,1,0,0,1,0,3,0,3,0,1,0,1,1,0,2,2,1,1,2,2,2,1,1,2,1,1,2,1,1,1,2,1,1,1,2,2,1,1,2,1,1,2,2,2,2,2,2,1,2,2,2,2,2,2,2,2,2,2,2,2,2,2,2,2,3,3,3,2,3,2,3,3,3,3,3,3,3,3,4,3
11338,0,1,0,0,0,1,0,0,1,0,0,1,0,2,0,3,0,1,0,1,1,0,2,2,1,1,2,2,1,1,1,2,1,1,1,1,1,1,2,1,1,1,2,2,1,1,2,1,1,2,2,2,2,2,2,1,2,2,2,2,2,2,2,2,2,2,2,2,2,2,2,2,3,3,3,2,3,2,3,3,3,3,3,3,3,3,4,3
11338,0,0,0,0,0,1,0,0,1,0,0,2,0,2,0,3,0,1,0,1,1,0,1,2,1,0,2,2,1,0,1,2,1,1,1,1,1,1,2,1,1,1,2,2,1,2,1,2,1,2,2,2,2,2,2,1,2,2,2,2,2,2,2,2,2,2,2,2,2,2,2,2,3,3,3,2,3,2,3,3,3,3,3,3,3,3,4,4
11338,0,1,0,0,0,1,0,0,1,0,0,2,0,2,0,3,0,1,0,1,1,0,2,2,1,1,2,2,2,1,1,2,1,2,1,2,1,1,1,1,1,1,2,2,1,1,1,1,1,2,2,2,2,2,2,1,2,2,2,2,2,2,2,2,2,2,2,2,2,2,2,2,3,3,3,2,3,3,3,3,3,3,3,3,3,3,4,4
11338,0,1,0,0,0,0,0,0,1,0,0,2,0,3,0,3,0,1,0,1,1,0,2,2,2,1,2,2,2,1,2,2,1,2,1,1,1,1,1,1,1,2,2,2,2,2,1,1,1,2,2,2,2,1,2,2,2,2,2,2,2,2,2,2,2,2,2,2,2,2,2,2,3,2,3,2,3,2,3,3,3,3,3,3,3,3,4,4
11338,0,0,0,0,0,1,0,0,1,0,0,1,0,3,0,3,0,1,0,1,1,0,2,2,2,2,2,2,2,1,1,2,1,2,1,1,1,1,2,1,1,2,2,2,1,2,1,1,1,2,2,1,2,2,2,2,2,2,2,2,2,2,2,2,2,2,2,2,2,2,2,2,3,2,3,2,3,2,3,3,3,3,3,3,3,3,4,4
11338,0,0,0,0,0,1,0,0,1,0,0,1,0,3,0,3,0,2,0,1,1,0,2,1,2,1,2,1,2,1,1,2,1,1,1,1,1,1,1,1,2,2,2,2,1,1,1,1,1,2,2,1,2,2,2,2,2,2,2,2,2,2,2,2,2,2,2,2,2,2,2,2,3,2,3,2,3,3,3,3,3,3,3,3,3,3,4,4
11338,0,1,0,0,0,1,0,0,1,0,0,1,0,3,0,3,0,1,0,1,1,0,2,1,2,1,2,1,2,1,1,2,1,1,1,1,1,1,1,1,1,2,2,2,2,1,1,1,1,2,2,1,2,2,2,2,2,2,2,2,2,2,2,2,2,2,2,2,2,2,2,2,3,3,3,2,3,2,3,3,3,3,3,3,3,3,4,4
11338,0,1,0,0,0,1,0,0,1,0,0,1,0,3,0,3,0,2,0,1,1,0,2,1,2,1,2,1,1,1,1,2,1,1,2,1,1,1,1,1,2,2,2,2,2,1,1,2,1,2,1,2,2,2,2,2,2,2,2,2,2,2,2,2,2,2,2,2,2,2,2,3,2,3,2,2,3,2,2,3,3,3,3,3,3,3,4,4
11338,0,1,0,0,0,1,0,0,1,0,0,2,0,2,0,3,0,2,0,1,0,0,1,1,2,1,2,1,1,1,1,2,1,1,1,1,1,1,2,1,1,2,2,2,2,1,1,2,1,2,2,1,2,2,2,2,2,2,2,2,2,2,2,2,2,2,2,2,2,2,2,2,2,3,2,2,3,2,3,3,3,3,3,3,3,3,3,4
11338,0,1,0,0,0,1,0,0,1,0,0,2,0,2,0,3,0,2,0,1,1,0,2,0,2,1,2,2,1,1,1,2,1,1,1,1,1,1,1,1,1,2,2,1,1,1,1,2,1,2,1,1,2,2,2,2,2,2,2,2,2,1,2,2,2,2,2,2,2,2,2,2,2,3,2,3,3,2,3,3,3,3,3,3,3,3,3,4
11338,0,1,0,0,0,1,0,0,1,0,0,2,0,2,0,3,0,2,0,1,1,0,1,1,2,1,2,1,1,1,1,2,1,1,1,1,1,1,1,1,1,2,2,2,2,1,2,2,1,2,2,1,2,2,2,2,2,2,2,2,2,2,2,2,2,2,2,2,2,2,2,3,2,3,3,3,3,2,3,3,3,3,3,3,3,3,3,4
11338,0,0,0,0,0,1,0,0,1,0,0,2,0,3,0,3,0,2,0,1,1,0,1,1,2,1,2,1,1,1,1,2,1,1,1,1,1,1,1,2,2,2,2,2,2,1,1,2,1,2,2,1,2,2,2,2,2,2,2,2,2,2,2,2,2,2,2,2,2,2,2,3,2,3,2,3,3,2,3,3,3,3,3,3,3,3,3,4
11338,0,1,0,0,0,1,0,0,1,0,0,1,0,3,0,3,0,2,0,1,1,0,2,1,2,1,2,2,1,1,1,2,2,1,1,2,1,1,1,2,2,2,2,2,1,1,1,2,1,2,2,1,2,2,2,2,2,2,2,2,2,2,2,2,2,2,2,2,2,2,2,3,2,3,2,3,3,2,3,3,3,3,3,3,3,3,3,4
11338,0,0,0,0,0,1,0,0,1,0,0,1,0,3,0,3,0,2,0,1,1,0,2,1,2,1,2,2,2,1,1,2,1,1,1,2,1,1,1,2,2,2,2,2,1,1,1,2,1,2,2,1,2,2,2,2,2,2,2,2,2,2,2,2,2,2,2,2,2,2,2,3,2,3,3,3,3,2,3,3,3,3,3,3,3,3,4,4
11338,0,1,0,0,0,1,0,0,1,0,0,1,0,3,0,3,0,1,0,1,2,0,2,2,1,2,2,1,1,1,2,2,2,1,2,2,1,1,1,1,2,2,2,2,1,2,2,2,1,2,2,1,2,2,2,2,2,2,2,2,2,2,2,2,2,2,2,2,2,2,2,3,3,3,3,3,2,3,3,3,3,3,3,3,3,3,4,4
11338,0,1,0,0,0,1,0,0,1,0,0,1,0,3,0,3,0,2,0,1,2,0,1,2,1,2,2,1,1,1,2,1,1,1,1,1,1,1,1,2,2,2,2,2,1,2,2,2,1,2,2,1,2,2,2,2,2,2,2,2,2,2,2,2,2,2,2,2,2,2,3,3,3,3,3,3,3,3,3,3,3,3,3,3,3,3,3,4
11338,0,1,0,0,0,1,0,0,1,0,0,1,0,3,0,3,0,1,0,1,1,0,1,1,2,2,2,1,1,1,2,2,1,1,1,1,1,1,1,2,2,2,2,2,1,2,2,2,1,2,1,2,1,2,2,2,2,2,2,2,2,2,2,2,2,2,2,2,2,2,3,3,2,3,3,3,3,3,3,4,3,3,3,3,3,3,4,4
11338,0,1,0,0,0,1,0,0,1,0,0,1,0,2,0,3,0,1,0,2,1,0,0,2,1,2,2,1,1,1,2,2,1,1,1,2,1,1,1,2,2,2,1,2,1,2,2,2,1,2,2,2,2,2,2,2,2,2,2,2,2,2,2,2,2,2,2,2,2,2,3,3,2,3,3,3,3,3,3,4,4,4,3,4,3,3,4,4
11338,0,1,0,0,0,0,0,0,1,0,0,2,0,2,0,3,0,1,0,1,1,0,1,2,1,2,1,1,1,1,2,2,1,1,1,1,1,1,1,2,2,2,1,2,1,2,2,2,1,2,2,2,1,2,2,2,2,2,2,2,2,2,2,2,2,2,2,2,2,2,3,3,3,3,3,3,3,3,3,3,3,4,3,4,3,3,3,4
11338,0,1,0,0,0,1,0,0,1,0,0,2,0,2,0,3,0,1,0,1,1,0,1,2,1,2,2,1,1,1,2,2,1,1,1,2,1,1,1,1,2,2,2,2,1,2,2,2,1,2,2,1,1,2,2,2,2,2,2,2,2,2,2,2,2,2,2,2,2,2,3,3,3,3,3,3,3,3,3,3,3,4,3,3,3,3,3,4
11338,0,1,0,0,0,1,0,0,1,0,0,1,0,3,0,3,0,1,0,1,1,0,0,1,2,1,2,1,1,1,2,2,1,1,1,2,1,1,2,1,2,1,2,2,1,2,2,2,1,2,2,2,1,2,2,2,2,2,2,2,2,2,2,2,2,2,2,2,2,2,3,3,3,2,3,3,3,3,3,3,3,4,3,3,3,3,3,3
11338,0,1,0,0,0,1,0,0,1,0,0,1,0,3,0,3,0,1,0,1,1,0,0,2,2,1,2,1,1,1,2,2,1,1,1,1,1,1,1,1,2,1,2,2,1,2,2,2,2,2,2,1,1,2,2,2,2,2,2,2,2,2,2,2,2,2,2,2,2,2,3,3,3,3,3,3,3,3,3,3,4,4,3,3,3,3,3,4
11338,0,1,0,0,0,1,0,0,1,0,0,1,0,3,0,3,0,1,0,1,2,0,1,1,2,1,2,1,1,1,2,2,1,1,1,1,1,1,1,1,2,1,2,2,1,2,2,2,2,2,2,2,1,2,2,2,2,2,2,2,2,2,2,2,2,2,2,2,2,3,2,3,3,3,3,3,3,3,3,3,4,4,4,3,3,3,3,4
11338,0,1,0,0,0,1,0,0,1,0,0,1,0,3,0,3,0,1,0,1,2,0,1,1,1,2,2,2,1,2,2,2,1,1,2,2,1,1,1,1,1,1,2,2,1,2,2,2,2,2,2,2,1,2,2,2,2,2,2,2,2,2,2,2,2,2,2,2,2,3,3,3,3,3,3,3,3,3,3,3,4,3,4,3,3,3,4,4
11338,0,1,0,0,0,1,0,0,1,0,0,1,0,3,0,3,0,1,0,1,2,0,1,1,1,2,2,2,1,2,1,2,1,1,1,2,0,2,1,1,1,1,2,2,1,2,2,2,2,2,2,1,2,2,2,2,2,2,2,2,2,2,2,2,2,2,2,2,2,3,3,3,3,3,3,3,3,3,3,3,4,3,4,3,3,3,3,4
11338,0,1,0,0,0,1,0,0,1,0,0,1,0,3,0,3,0,1,0,1,2,0,1,1,2,2,2,1,1,2,1,2,1,1,2,2,1,2,1,2,1,1,2,2,1,2,2,2,2,2,2,1,1,2,2,2,2,2,2,2,2,2,2,2,2,2,2,2,2,3,2,3,2,3,3,3,3,3,3,3,4,3,3,3,3,3,3,4
11338,0,1,0,0,0,1,0,0,1,0,0,2,0,3,0,3,0,2,0,1,1,0,1,1,1,2,2,1,1,2,0,2,2,1,2,2,0,1,1,2,1,1,2,2,1,2,1,2,2,2,2,1,1,2,2,2,2,2,2,2,2,2,2,2,2,2,2,2,2,3,3,3,3,3,3,3,3,3,3,3,4,3,3,4,3,3,3,4
11338,0,1,0,0,0,1,0,0,1,0,0,2,0,3,0,3,0,1,0,1,2,0,1,1,1,1,1,2,1,2,1,2,2,1,2,2,1,2,1,2,1,2,2,2,1,2,1,2,2,2,2,2,1,2,2,2,2,2,2,2,2,2,2,2,2,2,2,2,2,3,3,3,2,3,3,3,3,3,3,3,4,3,3,3,3,3,3,4
11338,0,1,0,0,0,1,0,0,1,0,0,2,0,3,0,3,0,1,0,0,2,0,1,1,1,1,2,1,1,2,1,2,1,1,2,1,1,1,1,1,1,2,2,2,1,1,1,2,2,2,2,2,1,2,2,1,2,2,2,2,2,2,2,2,2,2,2,2,2,3,2,3,2,2,2,3,3,3,3,3,3,3,3,3,3,3,3,4
11338,0,1,0,0,0,1,0,0,1,0,0,2,0,3,0,3,0,1,0,1,2,0,1,1,2,1,2,1,1,1,1,2,1,0,2,1,1,1,1,2,1,2,2,2,1,1,1,2,2,2,2,2,2,2,2,2,2,2,2,2,2,2,2,2,2,2,2,2,2,3,2,3,2,3,2,3,3,3,3,3,3,3,3,3,3,3,3,4
11338,0,1,0,0,0,1,0,0,1,0,0,2,0,3,0,3,0,1,0,2,1,0,1,1,2,1,2,1,1,1,1,2,1,0,2,1,1,1,1,2,1,2,2,2,1,2,1,2,2,2,2,2,2,2,2,2,2,2,2,2,2,2,2,2,2,2,2,2,2,3,2,3,3,3,2,3,3,3,3,3,3,3,3,3,3,3,3,4
11338,0,0,0,0,0,1,0,0,1,0,0,1,0,3,0,3,0,1,0,1,1,0,1,1,2,1,2,1,1,1,1,2,1,1,2,1,1,1,1,2,1,2,2,2,1,2,1,2,2,2,2,2,2,2,2,2,2,2,2,2,2,2,2,2,2,2,2,2,2,2,2,3,2,3,2,3,3,3,3,3,3,3,3,3,3,3,3,4
11338,0,1,0,0,0,1,0,0,1,0,0,1,0,3,0,3,0,1,0,1,2,0,1,1,2,1,2,1,1,1,2,1,1,1,2,1,1,1,1,2,1,2,2,2,1,2,1,2,2,2,2,2,2,2,2,2,2,2,2,2,2,2,2,2,2,2,2,2,2,2,2,3,3,2,2,3,3,3,3,3,3,3,3,3,3,3,3,4
11338,0,1,0,0,0,1,0,0,2,0,0,1,0,3,0,3,0,1,0,1,2,0,1,1,2,0,2,1,1,1,2,1,1,1,2,1,1,1,1,2,1,2,2,2,2,1,1,2,2,2,2,2,2,2,2,2,2,2,2,2,2,2,2,2,2,2,2,2,2,2,2,3,2,2,3,3,3,3,3,3,3,3,3,3,3,3,3,4
11338,0,1,0,0,0,1,0,0,2,0,0,1,0,3,0,3,0,2,0,1,2,0,1,1,2,1,2,2,1,1,2,1,1,1,2,1,1,2,1,2,1,2,2,2,1,2,2,1,2,2,2,2,2,2,2,2,2,2,2,2,2,2,2,2,2,2,2,2,2,2,2,3,2,2,3,3,3,3,3,3,3,3,3,3,3,3,3,4
11338,0,1,0,0,0,1,0,0,2,0,0,1,0,3,0,3,0,2,0,1,1,0,1,1,2,1,1,2,1,1,2,1,1,1,1,1,1,1,1,2,1,2,2,2,2,2,1,1,2,2,2,2,2,2,2,2,2,2,2,2,2,2,2,2,2,2,2,2,2,2,2,3,2,2,3,3,3,3,3,3,3,3,3,3,3,3,4,4
11338,0,1,0,0,0,1,0,0,2,0,0,2,0,3,0,3,0,2,0,1,2,0,2,1,1,2,1,2,1,1,2,1,1,1,1,2,1,1,1,2,1,1,2,2,2,2,1,1,2,2,2,2,2,2,3,2,2,2,2,2,2,2,2,2,2,2,2,3,2,2,2,3,3,2,2,3,3,3,3,3,3,3,3,3,3,3,4,4
11338,0,1,0,0,0,1,0,0,1,0,0,2,0,2,0,3,0,2,0,1,2,0,1,1,1,2,1,2,1,1,2,2,1,1,2,2,1,1,1,2,1,2,2,2,2,1,1,2,2,2,2,2,2,2,2,2,2,2,2,2,2,2,3,2,2,2,2,2,2,2,2,3,3,2,3,3,3,3,3,3,3,3,3,3,3,3,4,4
11338,0,1,0,0,0,1,0,0,1,0,0,2,0,3,0,3,0,1,0,2,1,0,1,1,1,2,1,2,1,1,2,2,1,1,1,1,1,1,1,2,1,2,2,2,2,1,1,2,2,2,2,2,2,2,2,2,2,2,2,2,2,2,2,2,2,2,2,2,3,2,2,3,2,2,3,3,3,3,3,3,3,3,3,3,3,4,4,4
11338,0,1,0,0,0,1,0,0,1,0,0,2,0,3,0,3,0,1,0,2,1,0,2,0,1,2,1,1,1,1,2,2,1,1,1,1,1,1,1,2,1,2,2,1,2,2,1,2,2,1,2,2,2,2,2,2,2,2,2,2,2,2,2,2,2,2,2,2,2,2,2,3,2,2,3,3,3,3,3,3,3,3,3,3,3,4,4,4
11338,0,1,0,0,0,1,0,0,1,0,0,2,0,3,0,4,0,1,0,1,1,0,1,1,1,2,2,1,1,1,2,2,1,1,1,1,1,2,2,2,1,2,2,1,2,2,1,2,2,1,2,2,2,2,2,2,2,2,2,2,2,2,2,2,2,2,2,2,2,3,2,3,3,2,3,3,3,3,3,3,3,3,3,3,3,4,4,4
11338,0,1,0,0,0,0,0,0,1,0,0,1,0,3,0,4,0,1,0,1,1,0,1,1,1,2,2,1,1,1,2,2,1,1,1,1,1,1,2,2,1,1,2,2,2,2,1,2,2,1,2,2,2,2,2,2,2,2,2,2,2,2,2,2,2,2,2,2,2,2,2,3,3,2,3,3,3,3,3,3,3,3,3,3,3,3,4,3
11338,0,1,0,0,0,1,0,0,1,0,0,2,0,3,0,3,0,1,0,1,1,0,2,1,1,2,2,1,1,1,2,2,1,1,1,1,1,1,2,2,2,2,2,2,2,2,1,2,2,1,2,2,1,2,2,2,2,2,2,2,2,2,2,2,2,2,2,2,2,3,2,3,3,2,3,3,3,3,3,3,3,3,3,3,3,3,4,3
11338,0,1,0,0,0,1,0,0,2,0,0,2,0,3,0,3,0,2,0,0,1,0,2,1,0,2,2,1,1,1,2,2,1,1,1,1,1,1,2,2,2,2,2,1,1,2,1,2,1,1,2,2,1,2,2,2,2,2,2,2,2,2,2,2,2,2,2,2,2,3,2,3,2,3,3,3,3,3,3,3,3,3,3,3,3,4,4,3
11338,0,1,0,0,0,1,0,0,1,0,0,1,0,3,0,3,0,2,0,1,1,0,1,1,1,1,2,1,1,1,2,2,1,1,1,1,1,1,2,2,2,2,2,2,1,2,1,2,1,2,2,2,2,2,2,2,2,2,2,2,2,2,2,2,2,2,2,2,2,3,3,3,2,3,3,3,3,3,3,3,4,3,3,3,3,4,4,3
11338,0,1,0,0,0,1,0,0,0,0,0,1,0,3,0,3,0,2,0,2,1,0,1,1,1,2,2,1,1,1,1,2,1,1,2,1,1,2,2,2,1,1,2,2,1,2,1,2,1,1,2,2,2,2,2,2,2,2,2,2,2,2,2,2,2,2,2,2,2,3,2,3,2,3,2,3,3,3,3,3,4,3,3,3,3,3,4,3
11338,0,1,0,0,0,1,0,0,1,0,0,2,0,2,0,3,0,2,0,1,1,0,0,1,1,2,2,1,1,1,1,2,1,1,1,1,1,1,2,2,1,1,2,1,1,2,1,2,1,1,2,2,2,2,2,2,2,2,2,2,2,2,2,2,2,2,2,2,2,3,2,3,2,3,3,3,3,3,3,3,4,3,3,3,3,3,4,3
11338,0,1,0,0,0,1,0,0,1,0,0,1,0,3,0,3,0,1,0,1,2,0,1,1,1,2,2,1,1,1,1,2,1,1,1,1,1,1,2,2,1,1,2,2,1,2,1,2,1,1,2,2,2,2,2,2,2,2,2,2,2,2,2,2,2,2,2,2,2,3,2,2,2,3,3,3,3,3,3,3,4,3,3,3,3,3,4,3
11338,0,1,0,0,0,1,0,0,1,0,0,1,0,3,0,3,0,1,0,2,2,0,1,1,1,2,2,1,2,1,1,2,1,1,1,1,1,2,2,2,1,1,2,1,1,2,1,2,1,1,2,2,2,2,2,2,2,2,2,2,2,2,2,2,2,2,2,2,2,3,2,3,3,3,3,3,3,3,3,3,4,3,3,3,3,3,4,3
11338,0,1,0,0,0,1,0,0,1,0,0,1,0,3,0,3,0,1,0,2,1,0,1,2,1,1,1,1,1,1,1,2,1,1,1,1,1,2,1,2,1,2,2,2,1,2,2,2,1,1,2,2,2,2,2,2,2,2,2,2,2,2,2,2,2,2,2,2,2,3,2,3,3,3,2,3,3,3,3,3,4,3,3,3,3,3,4,3
11338,0,1,0,0,0,1,0,0,1,0,0,1,0,3,0,3,0,1,0,2,1,0,1,2,2,1,1,1,1,0,2,2,1,1,1,1,1,2,1,2,1,1,2,1,1,2,2,2,1,1,2,2,2,2,2,2,2,2,2,2,2,2,2,2,2,2,2,2,2,3,2,3,3,3,2,3,3,3,3,3,4,3,3,3,3,3,4,3
11338,0,1,0,0,0,1,0,0,1,0,0,1,0,3,0,3,0,1,0,2,2,0,1,1,2,1,1,1,1,1,1,2,1,1,1,1,1,1,2,2,2,2,2,1,2,2,2,2,1,1,2,2,1,1,2,2,2,2,2,2,2,2,2,2,2,2,2,2,2,3,2,3,3,3,2,3,3,3,3,3,4,3,3,3,3,3,4,3
11338,0,1,0,0,0,1,0,0,1,0,0,1,0,2,0,3,0,1,0,1,2,0,1,2,2,1,1,1,1,1,2,2,1,1,1,1,1,1,2,2,1,2,2,1,1,2,2,2,1,2,2,2,1,1,2,2,2,2,2,2,2,2,2,2,2,2,2,2,2,3,2,3,3,3,2,3,3,3,3,3,4,3,3,3,3,3,4,3
11338,0,1,0,0,0,1,0,0,1,0,0,2,0,2,0,3,0,2,0,0,2,0,1,1,2,1,1,1,1,1,1,2,1,1,1,1,1,1,2,2,1,2,2,2,1,2,1,2,1,2,2,2,1,1,2,2,2,2,2,2,2,2,2,2,2,2,2,2,2,3,2,3,3,3,2,3,3,3,3,3,4,3,3,3,3,3,4,3
11338,0,1,0,0,0,1,0,0,1,0,0,2,0,2,0,3,0,2,0,1,1,0,1,1,2,1,1,1,1,1,2,2,1,1,1,1,0,1,2,1,1,2,2,2,1,1,1,2,1,1,2,2,1,1,2,1,2,2,2,2,2,2,2,2,2,2,3,2,2,3,2,3,3,3,2,3,3,3,3,3,4,3,3,3,3,3,4,3
11338,0,1,0,0,0,1,0,0,1,0,0,1,0,2,0,3,0,2,0,1,2,0,1,1,2,1,1,1,1,0,1,2,1,1,1,1,1,1,2,2,1,2,2,2,1,2,2,2,1,1,2,2,1,1,2,2,2,2,2,2,2,2,2,2,2,2,3,2,2,2,3,3,3,3,2,3,3,3,3,3,4,3,3,3,3,3,4,3
11338,0,1,0,0,0,1,0,0,0,0,0,1,0,2,0,3,0,2,0,1,2,0,1,2,2,1,1,1,2,1,1,2,1,1,1,1,1,1,2,1,1,2,2,1,1,2,2,2,1,1,2,2,1,1,2,2,2,2,2,2,2,2,2,2,2,2,3,2,2,2,2,3,3,3,2,3,3,3,3,3,3,3,3,3,3,3,4,3
11338,0,1,0,0,0,1,0,0,1,0,0,1,0,3,0,3,0,1,0,1,1,0,1,2,2,1,1,1,1,1,2,2,2,1,1,1,1,1,2,2,1,2,2,2,1,2,2,2,1,1,1,2,1,1,2,2,2,2,2,2,2,2,2,2,2,2,3,2,2,2,2,3,3,3,3,3,3,3,3,3,3,3,3,3,3,3,4,3
11338,0,3,0,0,0,3,0,0,3,0,0,3,0,2,0,2,0,3,0,3,2,0,2,2,2,3,2,1,1,2,2,2,2,2,2,3,2,2,2,2,2,2,3,3,2,2,3,3,2,3,3,3,3,3,3,3,3,2,2,3,2,2,2,2,3,3,3,2,3,3,3,3,4,4,3,3,4,4,3,4,5,5,3,4,4,4,5,4
11338,0,6,0,0,0,7,0,0,8,0,0,9,0,10,0,11,0,12,0,12,13,0,14,15,16,16,16,17,17,17,17,23,16,16,22,22,15,22,22,22,22,26,22,28,23,29,27,28,19,17,15,14,18,28,34,34,28,16,20,25,18,15,27,34,34,32,23,23,31,28,23,30,42,28,41,44,33,22,29,38,42,46,37,54,56,61,57,42
11338,0,37,0,0,0,39,0,0,41,0,0,43,0,46,0,48,0,49,0,50,50,0,51,51,52,54,56,57,58,57,56,76,51,50,71,70,48,64,56,43,28,26,21,20,30,41,26,37,31,17,17,26,20,40,36,30,33,25,28,26,21,27,27,34,36,34,24,27,35,28,24,30,52,33,44,46,33,27,32,45,47,49,39,54,57,61,59,73
11338,0,19,0,0,0,24,0,0,30,0,0,37,0,43,0,49,0,54,0,57,59,0,59,59,59,59,60,61,61,61,60,80,52,49,65,66,50,70,60,36,34,45,34,33,21,35,31,38,29,28,25,26,32,42,37,33,32,26,27,27,25,23,25,34,37,35,24,29,34,28,27,31,52,34,45,47,34,31,34,50,49,50,39,55,59,62,60,76
11338,0,22,0,0,0,20,0,0,16,0,0,27,0,41,0,51,0,58,0,62,63,0,63,61,57,51,49,59,69,74,70,73,38,50,79,61,48,78,54,33,37,64,50,37,25,44,34,50,27,37,45,39,31,46,36,45,37,40,39,29,36,45,34,40,44,38,39,39,43,42,37,36,54,38,49,48,36,36,41,57,51,55,49,57,64,65,62,78
11338,0,26,0,0,0,35,0,0,41,0,0,36,0,20,0,55,0,73,0,76,63,0,43,60,71,64,36,58,75,75,66,80,30,45,97,64,62,99,56,65,57,62,30,35,19,43,47,53,48,37,32,39,39,53,42,45,39,41,30,37,41,35,28,35,37,36,26,31,36,29,31,36,60,44,46,49,35,40,40,61,52,53,49,57,69,63,62,79
11338,0,19,0,0,0,27,0,0,47,0,0,55,0,45,0,66,0,87,0,82,44,0,58,72,60,51,56,46,70,82,73,71,42,33,97,75,67,102,51,59,53,67,27,40,19,47,52,58,44,37,34,37,40,53,45,44,41,40,30,37,41,35,28,34,37,36,26,31,36,32,31,42,67,50,46,49,34,41,44,69,55,54,55,56,72,63,62,80
11338,0,15,0,0,0,29,0,0,42,0,0,49,0,41,0,64,0,90,0,86,38,0,65,71,56,56,52,48,69,81,73,70,43,30,99,75,65,103,55,56,54,67,26,42,30,47,52,59,40,42,41,35,40,54,45,44,44,40,29,39,42,37,35,38,42,42,38,40,41,43,41,50,75,57,54,60,51,58,49,82,62,65,61,63,79,64,65,82
11338,0,10,0,0,0,27,0,0,42,0,0,50,0,41,0,63,0,89,0,87,40,0,66,71,56,56,52,47,71,82,71,71,46,31,98,79,64,103,54,57,53,67,30,43,38,50,52,61,53,64,41,49,60,68,55,52,47,43,33,37,42,39,36,38,40,39,41,36,39,57,78,95,91,71,52,64,53,66,86,107,73,73,74,81,85,65,66,82
11338,0,12,0,0,0,26,0,0,43,0,0,49,0,41,0,64,0,89,0,87,41,0,68,70,58,54,54,45,71,81,72,70,48,29,98,81,63,103,57,57,51,68,34,42,33,52,53,62,46,72,51,56,74,74,49,56,46,41,39,38,42,37,33,38,42,38,37,35,41,53,74,106,94,67,57,61,54,65,96,109,72,76,81,92,90,68,67,83
11338,0,11,0,0,0,26,0,0,42,0,0,50,0,41,0,63,0,90,0,86,42,0,68,70,59,52,55,47,69,82,72,70,47,27,98,81,62,103,57,57,51,70,34,41,34,52,54,63,47,69,68,51,74,80,55,54,47,42,38,39,43,37,34,39,41,37,38,34,42,52,73,106,97,67,56,61,55,67,98,111,76,79,91,103,94,72,67,83
11338,0,11,0,0,0,27,0,0,42,0,0,51,0,40,0,64,0,89,0,87,41,0,68,69,61,51,53,48,71,81,72,70,47,28,97,83,63,103,54,57,51,69,40,42,33,52,54,64,48,68,79,75,77,78,58,55,46,46,40,38,44,38,33,41,41,39,38,36,42,54,73,106,99,68,57,62,56,70,99,113,77,82,94,105,96,72,67,83
11338,0,5,0,0,0,28,0,0,43,0,0,49,0,42,0,62,0,90,0,87,38,0,66,70,63,52,52,47,71,81,72,71,48,30,96,84,65,102,56,57,52,69,44,43,33,54,53,66,49,70,79,91,75,81,61,56,51,44,40,39,43,41,34,40,40,40,40,37,44,54,73,105,106,69,57,65,57,77,109,119,84,88,107,114,97,76,68,84
11338,0,10,0,0,0,25,0,0,43,0,0,50,0,39,0,64,0,89,0,85,42,0,65,73,65,54,51,45,69,80,72,73,49,30,97,84,66,100,55,58,50,71,44,42,33,47,52,70,47,69,85,92,74,80,58,53,56,41,40,37,44,39,32,36,36,36,36,34,41,55,73,106,108,74,60,64,58,84,118,122,89,96,120,115,95,67,58,81
11338,0,37,0,0,0,44,0,0,44,0,0,27,0,51,0,74,0,82,0,71,53,0,54,55,42,15,21,34,53,59,54,59,36,48,71,92,61,85,68,41,55,75,44,48,36,46,50,69,47,73,92,89,74,80,58,54,55,41,39,39,42,40,33,34,34,35,36,33,38,55,72,108,109,77,55,65,59,86,120,122,90,98,121,116,96,68,60,67
11338,0,22,0,0,0,24,0,0,29,0,0,42,0,57,0,69,0,75,0,72,61,0,48,53,38,25,31,42,52,52,46,53,23,46,78,92,58,80,72,56,51,56,43,37,34,51,49,68,49,70,96,91,74,83,57,49,58,37,42,44,45,38,39,39,34,43,41,40,43,57,73,111,111,80,56,67,64,90,121,122,91,99,122,116,95,68,60,67
11338,0,25,0,0,0,32,0,0,40,0,0,49,0,57,0,65,0,70,0,69,64,0,53,48,37,19,30,37,41,37,30,36,34,42,67,86,53,74,69,51,49,54,51,52,28,50,55,74,45,69,100,89,75,80,57,46,51,42,45,40,44,44,43,41,40,39,39,36,40,58,75,116,109,81,60,66,65,91,121,123,93,101,127,119,95,76,55,66
11338,0,24,0,0,0,28,0,0,33,0,0,37,0,42,0,47,0,52,0,55,56,0,59,66,38,42,38,39,37,33,30,48,38,33,33,60,23,29,43,34,27,48,42,33,38,44,50,58,42,72,97,90,74,80,56,45,50,34,40,31,35,32,32,34,32,30,37,33,38,56,75,116,109,80,61,66,65,89,122,124,93,101,126,119,91,74,56,62
11338,0,21,0,0,0,21,0,0,22,0,0,24,0,25,0,26,0,29,0,30,31,0,39,50,31,15,19,14,11,15,17,30,23,17,35,57,19,38,29,23,23,46,43,32,27,43,50,57,39,75,95,90,73,80,55,45,51,34,40,31,34,32,32,33,32,30,37,33,38,57,77,117,108,78,60,65,64,89,122,123,93,100,126,119,90,74,56,60
11338,0,13,0,0,0,13,0,0,14,0,0,13,0,14,0,14,0,13,0,15,17,0,27,45,36,23,14,15,19,19,17,27,21,22,42,51,19,22,12,20,26,47,40,32,16,38,50,57,38,72,95,90,74,80,54,43,51,36,39,34,32,32,29,34,28,33,35,38,39,52,75,117,105,74,61,62,63,89,123,118,91,98,125,117,86,74,52,48
11338,0,24,0,0,0,25,0,0,26,0,0,28,0,28,0,30,0,31,0,32,33,0,28,49,40,34,33,32,28,28,29,38,27,24,46,47,22,27,17,23,26,46,43,24,21,30,49,60,26,71,93,88,56,75,54,37,48,39,33,31,33,29,30,26,28,31,29,29,37,42,60,93,107,68,54,60,59,84,112,110,86,93,121,114,84,73,50,43
11338,0,18,0,0,0,23,0,0,28,0,0,34,0,41,0,46,0,52,0,55,57,0,55,68,41,40,37,30,27,24,27,40,29,25,44,48,27,33,24,20,13,48,33,34,25,28,49,57,40,68,89,88,46,62,59,42,45,31,37,36,29,28,30,29,27,29,33,32,32,41,53,88,101,64,53,57,57,83,109,105,85,92,120,109,78,72,48,43
11338,0,21,0,0,0,22,0,0,27,0,0,36,0,47,0,55,0,62,0,65,65,0,59,68,29,29,28,21,18,15,21,32,22,18,44,41,23,30,18,22,22,46,32,31,21,33,50,44,32,69,91,81,49,64,39,37,42,35,33,29,27,27,30,24,23,26,28,26,33,40,51,87,100,65,50,57,57,81,108,102,83,87,115,98,67,71,48,44
11338,0,7,0,0,0,7,0,0,14,0,0,27,0,43,0,57,0,67,0,69,66,0,56,65,34,35,30,17,13,10,18,31,24,21,43,40,23,23,13,15,23,45,26,31,21,33,52,41,29,67,86,60,40,66,27,34,37,32,31,31,30,23,27,23,25,27,27,26,30,41,50,88,100,63,51,55,56,81,105,101,79,87,112,95,64,70,48,45
11338,0,10,0,0,0,8,0,0,15,0,0,29,0,43,0,55,0,66,0,70,67,0,55,64,36,34,28,19,16,12,18,30,23,24,43,38,21,21,16,19,18,43,22,27,23,33,50,38,27,69,65,43,42,55,27,34,27,28,31,25,29,24,25,26,21,23,23,26,29,38,50,85,89,61,52,53,54,76,101,89,74,86,101,82,62,67,45,44
11338,0,8,0,0,0,8,0,0,17,0,0,26,0,43,0,57,0,66,0,69,68,0,55,63,39,33,26,21,16,11,19,31,23,21,42,36,15,22,8,15,22,38,20,24,21,32,43,33,22,67,53,37,42,43,22,33,17,25,25,22,17,20,19,23,21,22,24,26,27,35,48,83,85,53,47,48,51,67,72,77,63,62,82,70,53,66,45,45
11338,0,9,0,0,0,8,0,0,17,0,0,26,0,44,0,55,0,67,0,69,66,0,59,60,43,29,31,18,15,17,15,30,28,12,38,31,13,23,9,19,24,31,20,23,20,37,32,32,25,63,47,28,42,34,25,32,23,24,26,21,22,20,21,24,21,21,25,25,27,32,48,85,79,52,45,47,49,57,67,72,61,61,80,69,49,63,45,43
11338,0,9,0,0,0,12,0,0,12,0,0,29,0,42,0,57,0,65,0,71,64,0,61,58,44,26,31,19,19,8,23,30,24,18,35,30,16,22,14,20,22,29,21,23,24,32,26,31,29,53,42,30,36,31,22,26,24,23,26,21,24,20,25,22,23,27,29,28,32,39,48,71,63,40,35,31,35,39,44,63,50,44,63,64,44,62,48,44
11338,0,7,0,0,0,9,0,0,17,0,0,26,0,44,0,56,0,66,0,70,64,0,62,55,45,29,26,26,11,19,12,34,20,25,31,29,17,21,9,16,25,27,21,22,18,30,22,29,21,37,23,29,20,21,20,21,12,22,16,17,14,17,17,17,17,16,16,17,19,26,38,60,53,37,33,28,25,29,36,57,39,40,32,32,37,55,44,45
11338,0,6,0,0,0,6,0,0,14,0,0,28,0,43,0,56,0,67,0,69,65,0,62,53,45,33,22,25,10,15,17,32,21,24,31,30,18,20,15,14,25,27,21,23,16,29,22,28,18,28,23,19,14,18,18,18,12,20,15,16,15,14,15,17,15,18,18,18,23,27,38,56,49,26,23,23,24,27,32,47,40,38,31,32,33,50,37,45
11338,0,5,0,0,0,8,0,0,16,0,0,27,0,43,0,56,0,67,0,69,66,0,62,52,46,34,21,24,14,14,16,35,19,23,32,30,18,18,12,19,21,29,19,21,21,22,18,25,19,20,14,19,14,17,17,17,11,15,16,15,14,14,14,15,14,15,16,16,18,22,27,35,35,25,24,23,24,26,27,38,38,39,31,30,32,46,38,46
11338,0,7,0,0,0,11,0,0,16,0,0,25,0,41,0,57,0,69,0,69,64,0,60,51,46,35,26,26,12,10,20,38,20,22,29,28,19,21,14,21,22,28,19,22,18,22,18,22,18,17,17,16,14,18,16,17,12,14,17,15,14,13,15,15,14,14,16,15,15,18,19,25,22,22,21,22,24,26,26,35,38,39,32,31,33,47,38,46
11338,0,24,0,0,0,26,0,0,30,0,0,37,0,49,0,58,0,66,0,62,55,0,53,46,42,32,33,37,31,30,23,37,19,14,20,14,10,15,18,23,21,25,17,19,14,19,18,18,18,18,16,14,14,16,12,12,14,15,16,17,16,16,16,17,15,17,18,17,15,19,19,27,22,20,21,21,24,27,27,34,36,38,31,32,34,46,39,47
11338,0,18,0,0,0,22,0,0,28,0,0,33,0,37,0,41,0,48,0,43,38,0,41,36,29,32,30,18,23,22,25,27,23,17,26,26,17,24,24,24,21,26,20,24,19,23,24,26,21,23,22,20,18,22,23,22,21,23,21,21,22,21,21,22,22,23,22,21,22,23,22,27,25,25,23,26,27,26,28,31,36,39,32,32,35,46,38,45
11338,0,21,0,0,0,22,0,0,23,0,0,26,0,24,0,20,0,31,0,22,23,0,24,19,19,21,12,21,13,5,18,22,15,5,12,11,11,14,12,11,9,12,7,11,8,8,9,9,10,11,8,9,11,9,10,9,10,14,12,13,13,13,13,15,14,14,18,14,15,16,19,25,22,20,22,20,22,24,25,31,36,38,32,33,34,46,38,45
11338,0,5,0,0,0,10,0,0,7,0,0,13,0,11,0,16,0,21,0,17,22,0,11,8,15,18,17,17,9,10,15,23,13,10,7,11,8,13,8,8,10,10,8,10,8,8,8,10,6,10,6,8,7,9,11,8,10,10,10,13,13,13,13,14,14,14,17,13,14,16,18,25,21,20,21,20,22,24,26,30,34,38,31,32,35,45,38,43
11338,0,4,0,0,0,7,0,0,4,0,0,10,0,11,0,18,0,20,0,20,20,0,14,9,14,18,17,16,6,12,13,23,14,9,5,10,9,12,7,8,9,10,6,11,6,7,7,10,7,8,6,9,7,9,10,8,8,9,10,13,13,10,14,14,14,12,17,13,14,16,18,25,21,20,21,20,22,23,24,29,34,39,31,31,34,44,37,44
11338,0,5,0,0,0,6,0,0,5,0,0,11,0,11,0,18,0,20,0,19,20,0,13,9,14,18,17,15,8,12,14,22,15,8,6,10,9,12,7,8,9,10,6,10,7,7,7,11,7,8,7,8,7,10,7,7,8,8,11,13,12,11,12,12,14,12,17,12,14,17,18,23,21,19,20,21,22,22,23,28,33,38,31,31,34,45,37,43
11338,0,4,0,0,0,5,0,0,7,0,0,10,0,12,0,17,0,19,0,20,19,0,14,8,13,18,18,14,9,11,13,23,14,9,6,10,9,12,7,8,10,10,6,10,6,7,6,9,6,8,6,8,7,8,7,7,8,8,10,11,10,10,12,8,14,10,17,12,14,17,17,23,20,20,21,20,21,22,22,29,31,38,28,30,32,40,34,43
11338,0,4,0,0,0,6,0,0,6,0,0,9,0,13,0,16,0,19,0,21,19,0,13,10,13,17,17,15,9,11,14,23,14,9,3,10,9,11,7,7,9,10,6,7,6,8,7,9,6,8,7,8,7,8,7,7,7,8,10,10,9,9,11,9,13,9,16,12,15,14,16,19,20,18,20,20,20,20,22,27,30,33,28,29,31,40,33,43
11338,0,7,0,0,0,7,0,0,4,0,0,7,0,14,0,18,0,19,0,20,18,0,15,13,13,15,14,13,13,11,12,19,14,11,10,13,9,10,7,7,10,9,6,7,6,8,6,9,6,7,5,8,7,8,7,6,7,7,9,10,10,9,11,8,13,9,15,11,12,13,15,17,19,18,21,18,19,19,21,26,28,31,26,26,29,37,30,40
11338,0,3,0,0,0,5,0,0,6,0,0,10,0,14,0,17,0,18,0,19,19,0,16,13,13,15,14,14,14,12,11,16,12,10,9,6,6,7,9,9,10,9,5,6,6,8,6,8,5,7,6,8,7,8,7,7,7,7,9,9,9,10,11,8,13,9,13,11,11,13,14,17,19,18,20,17,19,18,19,24,26,28,25,26,29,35,31,38
11338,0,10,0,0,0,11,0,0,11,0,0,13,0,15,0,15,0,15,0,16,14,0,11,7,5,8,8,7,9,8,5,7,8,9,11,10,7,8,8,6,8,11,8,10,6,9,8,11,7,9,6,7,7,7,8,8,8,9,8,10,9,10,11,8,13,10,13,11,11,14,14,18,17,15,19,18,18,18,18,23,23,27,24,25,27,34,29,35
11338,0,4,0,0,0,4,0,0,7,0,0,8,0,8,0,8,0,8,0,9,10,0,10,10,10,8,7,7,8,8,6,9,6,4,4,5,4,4,4,6,5,5,4,6,6,7,6,8,6,5,5,4,5,6,6,7,7,7,7,9,8,9,10,8,13,8,12,8,10,13,13,16,17,15,18,16,18,17,18,19,21,25,21,20,25,31,25,34
11338,0,4,0,0,0,5,0,0,5,0,0,4,0,4,0,4,0,4,0,6,6,0,5,4,6,6,6,5,4,3,3,3,3,3,4,4,3,5,5,5,4,5,4,5,5,7,6,7,4,5,4,3,5,6,6,5,6,7,7,8,9,9,9,7,12,9,12,8,10,11,12,16,17,14,17,16,16,16,16,18,19,23,20,20,24,31,24,33
11338,0,2,0,0,0,3,0,0,4,0,0,4,0,5,0,6,0,4,0,5,4,0,3,2,3,4,4,5,4,5,4,4,2,2,3,3,3,3,2,3,2,3,4,5,5,7,5,7,5,4,4,4,4,6,6,4,6,7,5,8,8,8,9,8,12,8,11,7,9,11,12,16,17,13,15,14,14,14,15,15,17,21,18,18,21,31,22,33
11338,0,1,0,0,0,3,0,0,3,0,0,3,0,4,0,4,0,3,0,4,5,0,4,5,4,4,4,4,3,4,3,4,3,2,4,3,3,4,3,3,4,4,4,5,4,6,6,7,5,6,6,6,5,7,8,6,6,8,7,9,9,9,8,8,10,10,11,10,11,10,12,16,15,13,15,13,14,14,13,17,15,20,19,18,23,27,22,34
11338,0,1,0,0,0,2,0,0,2,0,0,2,0,2,0,3,0,3,0,3,2,0,1,2,1,2,3,1,2,2,2,2,2,2,2,4,2,3,2,3,2,3,3,5,4,5,5,6,4,4,4,3,4,6,5,4,4,5,4,7,7,8,8,6,7,6,10,7,8,9,11,14,14,11,14,13,13,13,13,14,15,16,14,15,16,24,21,30
11338,0,2,0,0,0,2,0,0,1,0,0,2,0,2,0,3,0,3,0,2,2,0,2,2,1,2,3,0,2,2,2,2,2,2,2,3,2,2,2,2,2,3,4,5,4,5,6,5,4,4,3,3,4,5,5,4,4,5,4,7,6,7,6,5,6,5,9,7,7,9,10,12,11,10,12,10,10,13,12,13,12,14,13,15,14,22,20,28
11338,0,1,0,0,0,1,0,0,1,0,0,1,0,2,0,3,0,3,0,3,3,0,2,2,2,2,3,2,3,3,2,3,2,2,2,4,3,3,3,4,3,3,3,5,5,6,6,4,2,4,4,5,5,4,5,3,4,5,6,6,6,7,7,7,6,6,9,7,7,11,10,12,10,8,9,11,11,13,12,12,13,14,14,14,14,16,20,22
11338,0,1,0,0,0,1,0,0,2,0,0,2,0,3,0,2,0,3,0,4,4,0,3,2,3,2,1,3,3,3,4,4,4,4,5,3,2,4,4,3,1,4,4,7,6,7,6,7,4,7,6,6,7,8,7,7,7,7,8,7,8,8,10,8,10,8,9,9,10,11,11,12,12,13,13,13,13,14,14,15,15,17,17,17,21,24,20,28
11338,0,2,0,0,0,1,0,0,3,0,0,3,0,4,0,3,0,2,0,2,3,0,3,3,4,3,2,3,3,4,4,4,2,3,5,4,2,4,4,3,3,5,4,8,6,6,7,6,6,6,7,6,6,9,8,7,7,8,8,9,8,9,10,10,10,9,11,10,10,12,12,14,13,13,15,16,15,16,16,18,18,18,21,21,25,32,30,29
11338,0,1,0,0,0,1,0,0,2,0,0,2,0,4,0,4,0,3,0,3,3,0,5,5,4,3,4,5,4,3,2,5,3,2,6,4,3,6,3,2,2,4,6,7,9,7,8,9,9,8,7,9,8,11,11,7,9,10,12,10,10,11,13,12,11,12,11,12,9,14,12,19,14,15,16,15,16,17,20,20,20,20,23,27,32,42,53,62
11338,0,1,0,0,0,2,0,0,1,0,0,3,0,4,0,4,0,3,0,3,4,0,5,4,4,2,3,4,4,3,3,4,3,2,5,4,2,5,4,3,4,6,6,6,8,6,9,9,8,6,7,8,9,12,10,6,8,11,11,9,9,12,12,11,12,10,11,11,9,13,12,17,14,14,15,13,14,16,16,21,20,20,24,25,37,46,65,90
11338,0,1,0,0,0,2,0,0,1,0,0,2,0,4,0,4,0,3,0,3,3,0,5,5,4,2,3,4,4,3,2,4,3,3,4,4,3,5,4,3,4,6,6,6,8,7,9,9,8,6,7,8,9,12,10,6,8,11,11,9,9,12,12,11,12,10,11,11,9,13,12,17,14,14,15,13,14,16,16,21,20,19,24,25,37,46,65,91
11338,0,1,0,0,0,2,0,0,1,0,0,3,0,4,0,4,0,3,0,3,3,0,5,5,4,2,3,4,4,3,2,4,3,3,4,4,3,4,4,3,4,6,6,6,8,7,9,9,8,6,7,8,9,12,10,6,8,11,11,9,9,12,12,11,12,10,11,11,9,13,12,17,14,14,15,13,14,16,16,21,20,19,24,25,37,46,65,91
11338,0,1,0,0,0,1,0,0,1,0,0,3,0,4,0,4,0,3,0,2,3,0,5,4,4,2,3,4,4,3,2,4,3,2,4,4,2,5,4,3,3,6,6,6,8,7,9,9,8,6,7,8,9,12,10,7,8,11,11,9,9,12,12,11,12,10,11,11,9,13,12,17,14,14,15,13,14,16,16,21,20,19,24,25,37,46,65,91
11338,0,1,0,0,0,1,0,0,1,0,0,3,0,4,0,4,0,3,0,2,4,0,5,4,4,2,3,4,4,3,2,4,3,2,4,4,3,4,4,3,3,6,6,6,8,7,9,9,8,6,7,8,9,12,10,7,8,11,11,9,9,12,12,11,12,10,11,11,9,13,12,17,14,14,15,13,14,16,16,21,20,19,24,25,37,46,65,91
11338,0,1,0,0,0,2,0,0,1,0,0,3,0,4,0,4,0,3,0,2,4,0,5,5,4,2,3,4,4,3,2,4,3,2,4,4,3,4,4,3,3,6,6,6,8,7,9,9,8,6,7,8,9,12,10,7,8,11,11,9,9,12,12,11,12,10,11,11,9,13,12,17,14,14,15,13,14,16,16,21,20,19,24,25,37,46,65,91
11338,0,1,0,0,0,2,0,0,1,0,0,3,0,4,0,4,0,3,0,2,3,0,5,5,3,2,3,4,4,3,2,4,3,2,4,4,3,5,4,3,4,6,6,6,8,7,9,9,8,6,7,8,9,12,10,7,8,11,11,9,9,12,12,11,12,10,11,11,9,13,12,17,14,14,15,13,14,16,16,21,20,19,24,25,37,46,65,91
11338,0,1,0,0,0,1,0,0,2,0,0,3,0,4,0,4,0,3,0,2,4,0,5,5,4,2,3,4,4,3,2,4,3,2,4,4,3,5,4,3,4,6,6,6,8,7,9,9,8,6,7,8,9,12,10,7,8,11,11,9,9,12,12,11,12,10,11,11,9,13,12,17,14,14,15,13,14,16,16,21,20,19,24,25,37,46,65,91
11338,0,2,0,0,0,1,0,0,2,0,0,3,0,4,0,4,0,3,0,2,4,0,5,4,4,2,3,4,3,3,2,4,3,2,4,4,3,5,4,3,4,6,6,6,8,7,9,9,8,6,7,8,9,12,10,6,7,11,11,9,9,12,12,11,12,10,11,11,9,13,12,17,14,14,15,13,14,16,16,21,20,19,24,25,37,46,65,91
11338,0,1,0,0,0,1,0,0,2,0,0,2,0,3,0,4,0,3,0,3,4,0,4,4,4,4,3,3,2,2,2,2,2,2,3,3,2,3,3,3,4,5,5,7,5,7,8,9,7,6,5,8,9,12,9,4,7,11,11,8,9,12,10,9,12,8,10,10,7,12,8,17,12,11,13,11,13,14,14,20,18,17,23,24,36,46,64,91
11338,0,2,0,0,0,2,0,0,2,0,0,3,0,3,0,4,0,3,0,3,3,0,4,4,3,3,3,3,3,3,3,3,2,2,2,3,2,3,4,4,5,7,6,7,5,6,7,8,5,5,6,6,8,10,8,5,5,9,9,8,6,10,11,7,10,10,8,10,10,8,11,15,11,11,9,11,9,10,14,21,15,14,22,24,35,42,65,91
11338,0,2,0,0,0,2,0,0,2,0,0,2,0,3,0,4,0,2,0,2,1,0,3,3,2,3,3,3,3,3,2,4,3,2,4,3,2,3,3,3,3,4,4,5,4,5,5,6,5,6,4,5,6,7,7,6,6,8,8,7,7,8,7,7,8,9,9,10,9,10,9,11,12,11,11,13,12,14,15,16,15,16,21,21,27,28,58,89
11338,0,1,0,0,0,1,0,0,1,0,0,2,0,2,0,3,0,1,0,1,2,0,2,1,1,1,2,1,1,1,1,2,1,1,2,2,1,2,2,2,1,2,2,2,1,2,3,2,2,2,3,3,2,2,2,3,2,2,2,3,3,3,3,3,3,3,3,3,3,3,3,3,3,4,4,5,5,6,6,7,6,4,5,8,12,10,20,25
11338,0,1,0,0,0,1,0,0,1,0,0,2,0,2,0,3,0,1,0,1,2,0,2,2,1,1,1,2,2,1,0,2,1,1,1,1,1,2,2,2,1,2,2,2,2,2,2,2,1,2,2,2,1,2,2,2,2,2,2,2,2,2,2,2,2,2,2,3,2,2,2,3,3,3,3,3,3,3,3,4,3,4,4,4,6,5,9,16
11338,0,1,0,0,0,0,0,0,1,0,0,2,0,2,0,3,0,2,0,1,2,0,2,1,1,1,1,2,2,1,1,2,1,1,1,1,1,2,2,2,2,2,2,2,1,2,2,2,1,2,2,2,2,2,2,2,2,2,2,2,2,2,2,3,2,2,3,2,2,2,2,2,3,3,3,3,3,3,3,3,3,3,3,3,4,6,10,13
11338,0,5,0,0,0,5,0,0,5,0,0,5,0,5,0,5,0,5,0,5,4,0,4,5,4,4,4,4,4,4,4,5,3,3,5,5,3,4,4,4,4,5,3,4,3,3,3,3,3,4,4,4,3,4,4,3,3,4,4,4,4,3,4,4,4,4,5,4,5,5,4,4,4,4,4,5,4,4,4,4,5,5,5,5,5,5,7,10
11338,0,20,0,0,0,23,0,0,25,0,0,27,0,29,0,31,0,32,0,33,33,0,34,34,33,33,32,32,31,31,30,41,28,28,38,37,26,36,36,36,36,42,32,38,31,38,37,38,31,36,35,33,35,42,41,31,30,42,34,33,34,39,38,32,45,35,38,39,37,39,42,41,42,43,44,46,39,41,40,45,57,43,49,54,65,69,67,94
11338,0,27,0,0,0,32,0,0,39,0,0,48,0,57,0,66,0,75,0,82,88,0,93,96,97,97,96,94,91,87,82,106,68,64,84,79,54,74,69,62,56,67,56,67,50,53,43,45,37,26,35,40,28,24,41,38,30,35,33,32,30,20,27,31,31,28,22,22,28,38,29,32,38,45,41,41,37,35,39,32,57,43,51,60,70,66,78,94
11338,0,17,0,0,0,21,0,0,29,0,0,39,0,52,0,67,0,80,0,92,100,0,104,103,98,89,81,79,83,89,92,125,76,63,70,79,58,74,65,68,65,59,50,73,57,59,35,35,47,34,39,38,34,20,48,34,38,42,30,31,28,28,33,37,29,27,20,29,33,39,28,33,40,45,40,42,37,37,41,42,58,46,51,59,78,77,81,96
11338,0,10,0,0,0,14,0,0,29,0,0,44,0,59,0,71,0,80,0,88,96,0,102,104,102,93,80,73,82,92,96,124,72,62,73,78,60,74,65,70,62,60,51,70,59,62,32,43,47,27,34,41,36,31,47,35,39,42,29,30,31,30,32,37,29,27,26,28,32,40,29,32,41,46,41,42,38,37,42,46,58,47,52,59,79,77,84,97
11338,0,15,0,0,0,13,0,0,22,0,0,43,0,61,0,74,0,80,0,86,95,0,104,106,99,90,83,77,76,90,100,125,66,68,72,86,62,67,70,67,68,59,48,73,55,67,32,41,47,29,35,41,35,40,46,33,40,40,30,30,29,31,32,38,29,28,26,28,31,40,28,32,41,47,41,42,38,36,43,51,59,48,52,60,80,78,84,97
11338,0,8,0,0,0,18,0,0,25,0,0,37,0,62,0,77,0,78,0,85,98,0,102,106,102,88,83,78,75,91,100,125,65,68,72,85,62,66,73,67,65,60,47,73,56,68,26,41,48,28,37,40,34,42,46,33,40,40,31,30,29,31,32,38,29,27,26,28,31,40,29,34,46,47,42,42,39,37,44,58,61,51,52,60,81,78,85,97
11338,0,7,0,0,0,14,0,0,27,0,0,37,0,60,0,78,0,77,0,85,98,0,101,107,101,88,84,77,76,90,100,125,66,68,72,86,61,67,73,67,65,61,48,73,55,68,26,43,47,28,40,41,36,42,46,34,40,40,31,29,29,31,32,38,29,27,26,28,32,40,32,38,54,48,42,43,38,39,44,58,62,51,52,60,83,79,85,97
11338,0,5,0,0,0,15,0,0,26,0,0,38,0,60,0,78,0,77,0,85,98,0,101,107,101,88,84,77,76,90,100,125,66,68,72,86,61,67,73,67,65,61,48,73,55,68,31,48,45,34,43,44,37,44,47,34,41,41,33,31,30,33,32,39,31,29,30,30,35,44,52,75,73,51,54,51,44,49,61,85,76,62,66,75,90,84,87,97
11338,0,8,0,0,0,14,0,0,26,0,0,38,0,60,0,79,0,76,0,86,98,0,102,106,101,88,83,78,75,90,101,125,64,69,71,86,62,66,73,68,66,61,49,73,55,67,36,46,50,49,46,44,43,47,46,36,41,42,32,32,28,36,32,40,31,30,31,31,35,48,54,85,70,56,55,53,44,50,61,89,77,63,66,75,91,85,87,97
11338,0,6,0,0,0,15,0,0,26,0,0,37,0,60,0,78,0,77,0,86,97,0,102,107,100,89,83,77,76,91,100,126,64,69,71,86,61,67,72,69,65,60,50,73,56,66,33,47,53,43,53,54,48,43,47,37,41,41,35,33,29,35,32,40,32,31,30,32,38,49,54,89,73,58,57,53,45,50,62,91,79,64,68,78,91,85,87,97
11338,0,5,0,0,0,14,0,0,27,0,0,38,0,60,0,78,0,77,0,86,97,0,103,107,100,88,84,78,76,90,100,126,63,70,71,86,62,66,72,69,65,61,49,73,57,67,33,45,55,45,51,64,42,44,48,37,42,41,35,33,28,36,32,40,33,31,31,32,37,51,54,90,76,59,58,54,48,51,65,95,79,67,71,82,92,87,87,97
11338,0,8,0,0,0,14,0,0,26,0,0,37,0,60,0,79,0,77,0,85,96,0,103,108,100,88,83,77,76,90,101,125,63,70,72,85,61,67,73,69,64,62,49,73,58,67,33,46,56,45,52,67,45,45,48,38,43,40,36,33,29,36,32,41,31,32,31,32,38,51,56,94,80,58,60,56,49,54,71,98,81,74,76,88,96,89,87,97
11338,0,20,0,0,0,24,0,0,35,0,0,46,0,67,0,81,0,76,0,84,93,0,98,103,95,83,79,73,71,86,99,127,66,74,81,89,66,74,80,76,73,73,57,81,60,59,43,51,58,46,53,68,59,51,54,38,36,47,42,40,42,37,44,41,40,43,42,39,45,53,62,96,81,62,60,58,50,53,74,103,81,74,78,90,94,86,75,71
11338,0,26,0,0,0,30,0,0,32,0,0,39,0,46,0,45,0,22,0,37,40,0,48,54,58,52,50,52,59,64,63,73,34,38,60,58,32,44,32,50,42,37,38,41,33,49,46,49,51,40,53,72,36,44,40,33,35,29,32,29,29,33,30,33,30,25,32,31,36,50,58,96,82,59,59,57,48,53,74,105,80,73,77,89,94,80,68,58
11338,0,16,0,0,0,18,0,0,19,0,0,24,0,35,0,44,0,44,0,31,22,0,11,39,31,13,20,27,35,40,42,57,41,37,55,45,27,43,43,44,33,34,35,20,25,44,34,37,50,40,52,76,38,41,38,29,32,29,28,28,26,28,27,28,29,26,29,30,35,48,59,98,86,59,61,57,49,54,74,106,83,74,77,89,89,76,64,53
11338,0,12,0,0,0,14,0,0,17,0,0,24,0,28,0,33,0,34,0,30,23,0,31,30,33,32,30,31,33,34,32,43,33,37,53,48,28,44,47,49,29,31,35,23,28,45,32,34,49,41,51,75,35,38,38,29,32,28,31,30,25,28,29,29,29,26,29,29,38,48,60,99,86,62,61,57,47,54,75,108,83,74,78,89,89,76,62,47
11338,0,12,0,0,0,14,0,0,17,0,0,21,0,23,0,28,0,30,0,31,31,0,33,25,22,18,12,8,13,14,13,22,16,33,24,27,18,23,23,28,33,36,29,23,22,35,28,33,50,40,52,74,36,34,37,28,32,27,29,29,28,28,26,29,28,25,29,29,37,49,60,99,86,61,61,57,48,54,74,108,80,73,78,89,88,75,59,47
11338,0,10,0,0,0,12,0,0,14,0,0,15,0,16,0,19,0,20,0,20,20,0,33,22,21,21,20,18,16,15,13,19,11,34,22,22,13,12,9,20,30,20,24,24,26,33,28,32,51,43,54,74,35,34,39,28,34,28,29,30,28,27,27,29,29,26,28,31,37,50,63,98,86,63,61,58,48,54,74,108,80,73,78,89,88,74,58,48
11338,0,2,0,0,0,2,0,0,4,0,0,6,0,6,0,7,0,6,0,9,8,0,38,16,13,12,11,10,10,9,10,9,12,35,15,19,13,15,11,20,32,14,12,17,19,38,26,24,53,48,50,75,41,30,39,28,31,27,28,26,32,26,26,31,29,25,30,30,38,50,63,99,85,63,61,56,47,53,75,110,81,73,78,89,86,71,56,46
11338,0,10,0,0,0,10,0,0,12,0,0,13,0,13,0,12,0,14,0,12,14,0,35,22,22,21,20,19,18,17,16,22,17,35,12,18,12,16,17,22,27,13,9,18,21,34,17,35,56,38,40,76,30,26,40,27,33,25,27,23,30,19,26,25,25,22,28,27,34,47,57,92,80,59,53,48,45,48,73,99,72,68,74,82,79,62,47,41
11338,0,15,0,0,0,16,0,0,17,0,0,18,0,18,0,18,0,19,0,18,19,0,33,24,24,24,24,23,22,20,17,22,10,31,29,20,15,22,23,26,26,19,16,22,20,35,25,29,53,32,33,74,33,25,35,19,29,25,24,22,27,17,26,24,23,23,26,26,33,42,56,82,81,56,52,47,45,46,71,97,70,67,73,81,77,61,46,40
11338,0,9,0,0,0,10,0,0,10,0,0,13,0,18,0,23,0,26,0,28,30,0,25,32,23,4,22,29,31,32,30,41,26,20,32,22,12,18,25,31,27,27,21,18,21,33,17,36,50,34,28,67,36,30,34,23,29,26,22,20,27,17,24,24,22,21,25,25,32,40,55,80,78,56,51,48,43,46,69,97,69,67,73,81,76,60,46,41
11338,0,9,0,0,0,9,0,0,9,0,0,11,0,15,0,21,0,26,0,30,32,0,24,31,20,12,21,26,30,32,31,41,27,17,36,27,16,23,18,28,26,26,21,23,23,32,21,36,46,34,27,64,34,25,32,16,30,19,21,19,25,16,24,22,24,20,25,24,31,40,53,79,72,55,49,45,41,44,68,91,66,63,69,75,71,59,47,41
11338,0,8,0,0,0,12,0,0,15,0,0,18,0,23,0,21,0,19,0,30,36,0,26,29,17,15,19,27,31,32,30,38,27,12,37,22,10,21,20,27,26,26,21,21,23,30,16,37,45,33,31,60,32,25,30,20,28,22,20,19,24,14,24,22,20,23,22,24,30,38,50,73,71,50,43,43,37,41,61,83,63,56,59,65,61,55,46,38
11338,0,4,0,0,0,11,0,0,14,0,0,18,0,22,0,22,0,20,0,28,36,0,26,28,19,14,22,27,30,34,32,37,28,9,35,22,15,21,21,25,26,26,20,19,22,31,20,34,44,38,27,52,33,18,30,18,24,21,18,19,21,15,22,19,22,20,22,21,28,35,46,61,66,45,40,38,34,39,51,79,57,47,45,52,53,49,42,39
11338,0,7,0,0,0,7,0,0,14,0,0,20,0,24,0,19,0,22,0,27,36,0,26,27,22,11,23,25,31,33,31,37,28,8,34,24,12,21,20,25,26,26,21,20,21,30,16,34,44,35,24,45,35,20,29,18,22,22,19,17,21,16,20,18,21,19,21,20,26,34,40,63,61,46,38,33,28,33,48,72,52,40,40,46,44,44,39,37
11338,0,5,0,0,0,9,0,0,13,0,0,19,0,24,0,20,0,22,0,28,35,0,26,26,23,7,21,27,30,34,30,38,26,13,34,24,15,20,20,25,25,27,21,21,21,26,19,34,42,34,24,36,32,23,26,18,21,23,20,17,20,17,18,16,22,20,19,21,25,31,39,61,59,40,34,29,27,31,43,68,47,39,38,39,38,44,40,37
11338,0,4,0,0,0,11,0,0,12,0,0,18,0,26,0,17,0,22,0,29,34,0,25,25,25,11,21,26,32,32,32,38,25,15,33,24,13,21,20,25,25,27,21,21,22,22,18,35,38,37,21,28,27,21,23,18,19,20,19,15,18,17,18,16,21,19,19,19,23,30,36,56,55,34,32,28,25,28,41,60,41,34,34,34,33,39,38,36
11338,0,7,0,0,0,7,0,0,15,0,0,16,0,27,0,15,0,25,0,29,32,0,25,21,23,14,24,26,29,34,31,39,22,18,32,23,13,21,20,24,25,27,21,21,21,16,17,36,33,35,22,23,22,18,20,18,19,18,18,15,16,16,17,15,22,19,17,19,23,28,38,41,56,29,30,27,24,29,38,57,36,33,33,32,32,37,37,34
11338,0,6,0,0,0,9,0,0,14,0,0,17,0,25,0,18,0,25,0,27,33,0,26,17,18,14,20,27,31,33,31,39,21,20,31,22,15,20,21,23,25,27,21,21,17,15,14,36,24,31,24,21,14,16,17,16,18,16,17,16,14,16,16,15,21,19,16,17,19,24,26,29,35,25,26,22,21,25,30,42,36,33,33,29,31,34,35,36
11338,0,6,0,0,0,9,0,0,13,0,0,18,0,26,0,15,0,23,0,26,35,0,25,12,15,11,20,25,30,34,32,37,22,22,30,23,14,21,20,23,24,28,20,21,13,12,19,29,22,25,20,22,12,12,16,15,17,16,14,13,14,14,15,15,21,18,16,17,19,16,19,21,28,23,23,22,21,23,22,28,30,29,29,27,28,31,34,32
11338,0,8,0,0,0,8,0,0,13,0,0,20,0,27,0,13,0,22,0,25,32,0,25,14,11,18,21,22,26,31,31,39,25,25,29,22,17,21,16,21,26,28,21,21,14,11,15,28,26,26,21,17,12,10,14,16,19,15,13,14,16,15,16,16,21,18,15,16,20,15,20,24,25,21,23,21,22,23,21,28,29,30,28,27,28,32,34,33
11338,0,13,0,0,0,13,0,0,20,0,0,23,0,25,0,10,0,20,0,24,31,0,25,16,15,22,22,21,24,26,25,30,20,21,32,29,18,19,14,19,18,17,14,21,17,15,17,15,14,15,11,8,11,11,14,15,13,14,13,13,14,15,15,15,21,18,16,16,19,15,19,22,25,21,23,20,22,24,23,27,29,30,29,29,29,32,36,34
11338,0,8,0,0,0,11,0,0,14,0,0,13,0,19,0,18,0,8,0,20,23,0,20,17,16,13,6,9,14,14,13,12,9,11,14,14,10,17,15,15,11,9,5,10,12,13,11,13,10,12,10,10,10,11,9,13,12,13,16,10,11,16,16,17,19,17,17,17,19,15,19,21,23,22,23,20,21,24,21,27,28,29,29,28,27,33,32,34
11338,0,8,0,0,0,11,0,0,14,0,0,15,0,21,0,19,0,10,0,21,21,0,17,13,13,13,11,10,10,9,8,12,5,8,10,9,6,10,8,9,8,10,9,12,8,8,7,12,8,10,9,9,11,10,9,11,13,13,11,10,13,16,14,14,18,18,16,17,17,14,17,21,21,22,20,22,22,22,22,23,28,31,29,27,26,33,30,34
11338,0,9,0,0,0,9,0,0,7,0,0,10,0,14,0,14,0,13,0,16,15,0,11,9,8,9,10,9,10,10,9,15,9,5,6,6,4,11,11,5,8,8,5,11,8,10,9,11,9,9,8,9,10,9,10,8,12,14,13,10,15,13,14,14,17,16,17,17,16,13,18,21,20,20,20,21,21,21,20,22,24,29,29,27,26,34,30,36
11338,0,5,0,0,0,5,0,0,4,0,0,7,0,12,0,15,0,15,0,15,12,0,9,8,6,3,4,6,6,4,3,9,7,6,8,6,5,9,10,8,7,8,5,9,9,6,9,11,9,9,8,10,7,9,10,9,10,12,12,11,10,12,14,15,15,14,17,15,15,14,16,19,21,20,21,21,21,20,21,22,24,29,30,28,26,33,30,35
11338,0,3,0,0,0,3,0,0,6,0,0,9,0,12,0,14,0,13,0,13,12,0,8,8,6,7,7,5,5,6,6,8,4,2,5,8,6,8,8,8,7,9,5,7,9,10,7,9,10,7,7,9,7,9,10,9,10,11,11,11,11,13,13,15,15,14,16,14,14,15,15,19,21,20,21,21,23,20,21,23,24,29,30,28,26,33,32,35
11338,0,6,0,0,0,6,0,0,8,0,0,10,0,11,0,11,0,11,0,11,10,0,7,6,6,8,6,6,5,5,5,7,5,3,4,5,5,5,5,4,6,7,7,6,6,8,9,9,9,8,7,6,8,9,9,9,10,11,11,11,10,13,14,15,14,13,15,14,13,14,14,19,21,20,21,21,23,22,21,23,26,28,28,27,26,33,32,36
11338,0,3,0,0,0,4,0,0,5,0,0,5,0,6,0,7,0,6,0,7,5,0,6,6,5,6,7,4,4,2,3,6,3,3,5,4,5,4,5,4,6,7,6,5,6,8,7,9,8,8,7,6,8,9,9,9,10,11,11,11,10,13,13,15,12,14,15,14,14,14,14,19,20,20,21,21,22,21,21,24,24,28,29,26,23,32,32,36
11338,0,3,0,0,0,3,0,0,3,0,0,2,0,5,0,5,0,3,0,5,5,0,3,5,3,5,5,2,3,3,3,4,4,3,3,4,5,4,5,4,6,7,6,5,6,7,8,7,8,8,7,6,8,7,10,8,10,12,11,11,9,12,13,15,11,14,14,14,14,13,14,18,20,20,21,20,23,21,21,25,24,28,29,25,23,32,31,36
11338,0,2,0,0,0,2,0,0,3,0,0,2,0,5,0,5,0,3,0,5,4,0,4,5,4,5,6,2,2,3,3,5,3,4,4,5,5,5,5,3,6,6,6,6,6,7,7,7,8,8,7,7,8,7,10,8,10,10,11,11,10,12,12,16,13,13,14,14,14,13,14,18,20,20,21,20,22,22,21,25,24,27,29,25,24,32,30,36
11338,0,2,0,0,0,1,0,0,2,0,0,3,0,4,0,5,0,3,0,4,5,0,3,4,3,5,5,3,3,3,3,5,3,4,3,4,4,4,5,3,6,6,7,5,6,7,7,6,8,8,6,7,7,7,10,8,10,9,11,11,9,12,12,15,11,12,13,14,14,13,13,17,20,20,20,19,21,21,20,24,23,27,27,23,22,30,29,34
11338,0,1,0,0,0,1,0,0,1,0,0,3,0,4,0,5,0,4,0,4,5,0,3,4,3,5,5,3,2,3,2,5,3,4,4,5,4,4,5,3,6,5,7,5,6,7,7,5,8,8,6,6,7,7,10,8,10,9,11,11,9,12,12,15,10,12,13,13,13,13,12,16,19,19,19,20,21,21,20,24,23,26,27,23,22,29,28,33
11338,0,2,0,0,0,2,0,0,2,0,0,2,0,4,0,5,0,4,0,4,4,0,3,4,3,5,6,2,3,3,3,5,4,4,3,4,4,5,4,4,5,6,6,4,6,6,8,6,8,8,6,6,7,7,9,8,10,9,11,11,9,12,13,15,9,13,13,14,13,13,12,15,19,19,18,20,21,20,19,23,23,26,26,21,21,29,28,33
11338,0,1,0,0,0,2,0,0,1,0,0,3,0,5,0,5,0,4,0,4,4,0,4,3,2,4,5,4,1,4,2,5,4,4,2,5,3,4,5,4,6,5,5,5,6,6,7,6,7,8,6,6,7,7,9,7,9,9,7,11,9,12,10,14,9,12,10,11,13,12,12,15,18,19,18,18,20,20,18,23,22,26,26,20,21,28,27,32
11338,0,1,0,0,0,1,0,0,2,0,0,3,0,4,0,5,0,4,0,4,4,0,4,3,2,4,5,4,3,2,3,5,2,3,3,4,3,4,3,3,4,4,5,6,6,6,7,6,7,8,6,7,7,6,9,8,8,7,6,11,8,11,10,14,9,11,9,11,13,12,10,14,18,17,17,18,19,19,18,23,22,23,24,20,20,24,26,32
11338,0,1,0,0,0,1,0,0,2,0,0,2,0,4,0,5,0,5,0,4,4,0,4,2,3,3,4,4,3,3,2,4,2,4,4,4,3,4,4,3,3,5,3,3,5,6,7,5,8,8,6,6,7,6,8,6,7,9,5,9,10,11,10,13,8,11,8,11,12,12,10,13,15,16,16,16,18,20,18,23,22,22,23,18,18,22,26,30
11338,0,2,0,0,0,2,0,0,2,0,0,3,0,5,0,5,0,4,0,3,3,0,3,3,3,3,3,3,3,4,3,4,1,3,3,4,2,4,3,3,3,4,3,4,5,6,6,5,8,8,6,4,6,6,8,6,6,8,4,5,9,9,10,12,9,10,7,8,9,10,8,11,15,16,12,13,16,19,16,20,22,19,18,15,18,23,24,30
11338,0,1,0,0,0,2,0,0,2,0,0,3,0,4,0,4,0,3,0,3,4,0,5,5,5,4,4,3,3,3,4,6,5,4,6,5,4,4,4,3,4,4,5,6,4,7,7,5,8,6,7,5,8,6,9,8,8,9,9,10,10,10,12,10,11,11,10,8,9,12,11,12,13,12,13,14,17,17,15,19,23,22,23,27,32,40,43,40
11338,0,3,0,0,0,4,0,0,4,0,0,4,0,5,0,6,0,4,0,4,4,0,5,5,6,6,6,6,6,5,4,4,4,4,8,6,4,6,7,7,7,8,8,12,10,9,9,11,7,8,10,8,4,9,13,13,17,17,17,14,13,13,12,12,17,15,11,14,15,17,15,15,21,16,14,19,18,16,20,23,24,23,23,30,44,57,77,109
11338,0,2,0,0,0,2,0,0,2,0,0,3,0,4,0,5,0,3,0,4,4,0,5,5,6,7,7,6,6,5,4,5,5,6,9,5,2,6,6,6,6,11,11,11,8,10,10,11,8,5,12,8,6,9,14,13,17,17,16,14,12,13,12,12,17,15,11,14,16,17,16,14,22,15,15,20,18,17,21,23,24,24,25,32,44,62,77,110
11338,0,6,0,0,0,7,0,0,7,0,0,7,0,7,0,8,0,9,0,8,8,0,7,5,7,9,9,7,5,5,4,4,5,7,10,6,4,7,6,7,5,13,10,11,7,10,10,11,10,8,11,8,7,10,14,14,17,17,16,14,13,13,11,11,17,15,12,14,15,17,16,14,22,17,16,21,18,16,20,23,24,25,26,37,49,66,78,114
11338,0,6,0,0,0,7,0,0,8,0,0,8,0,9,0,9,0,10,0,9,8,0,7,6,8,10,10,7,6,8,7,10,8,10,11,7,5,5,8,6,6,14,10,12,7,9,11,12,10,7,11,8,8,10,14,14,17,17,16,14,14,13,11,12,17,15,12,15,16,17,16,15,22,18,18,21,18,16,22,25,26,26,27,38,51,69,80,115
11338,0,5,0,0,0,5,0,0,4,0,0,8,0,10,0,12,0,14,0,12,9,0,7,8,9,13,13,8,9,9,7,9,7,9,10,6,6,7,10,7,7,13,10,12,7,9,11,11,11,8,11,8,9,10,14,14,17,18,17,14,14,13,12,12,17,15,13,16,16,17,16,15,22,17,19,21,18,18,23,32,25,25,29,38,51,77,80,115
11338,0,8,0,0,0,9,0,0,9,0,0,10,0,14,0,15,0,15,0,10,2,0,5,4,7,13,14,9,9,10,8,10,4,9,11,9,8,11,10,7,10,14,10,12,7,10,11,11,11,8,13,9,9,10,15,14,17,17,17,14,14,13,12,12,18,15,13,16,16,17,16,16,22,18,19,22,19,18,22,33,26,25,29,39,51,78,80,116
11338,0,6,0,0,0,9,0,0,10,0,0,11,0,14,0,16,0,16,0,10,5,0,7,6,8,14,14,6,8,11,9,8,5,9,12,11,9,8,10,7,11,15,10,13,8,9,12,11,11,8,13,10,10,10,15,14,17,18,17,14,14,13,12,12,18,16,13,16,16,17,17,18,22,18,19,22,19,18,22,33,26,25,29,39,51,78,80,116
11338,0,4,0,0,0,7,0,0,10,0,0,12,0,16,0,18,0,14,0,10,7,0,9,8,10,16,13,6,10,12,8,8,6,9,14,12,8,8,10,6,9,16,11,13,9,10,12,11,11,9,13,10,9,11,14,14,17,17,17,14,14,13,13,12,18,16,13,16,16,17,17,18,22,18,19,22,19,18,22,33,26,25,30,39,51,78,80,116
11338,0,4,0,0,0,5,0,0,9,0,0,12,0,17,0,18,0,13,0,11,8,0,10,8,10,16,13,6,10,11,9,8,7,9,14,11,8,8,10,6,9,16,12,13,8,9,13,12,11,8,13,10,10,10,15,14,17,17,17,14,14,13,13,12,18,16,13,16,16,17,18,18,22,18,19,22,19,18,23,33,26,26,30,39,51,78,80,116
11338,0,3,0,0,0,6,0,0,8,0,0,11,0,18,0,19,0,12,0,12,6,0,9,9,11,16,13,6,10,11,9,9,6,9,15,12,8,9,10,6,9,16,11,13,8,9,13,11,11,8,14,10,10,10,15,14,17,17,17,14,14,13,13,12,18,16,13,16,16,18,18,18,22,18,20,22,19,19,23,33,27,26,30,39,52,78,80,116
11338,0,3,0,0,0,6,0,0,9,0,0,11,0,17,0,19,0,12,0,12,5,0,9,9,11,16,13,6,10,11,9,9,6,9,15,12,8,9,10,6,9,16,11,13,8,10,13,11,12,8,14,10,10,10,15,14,17,18,17,14,14,13,13,12,18,16,14,16,17,18,18,18,23,18,20,22,19,19,23,33,27,26,30,40,52,78,80,116
11338,0,3,0,0,0,6,0,0,9,0,0,11,0,17,0,19,0,12,0,12,5,0,8,10,11,16,13,6,9,11,10,8,6,9,14,12,8,8,10,6,9,16,11,12,9,10,13,10,11,9,13,10,10,9,13,15,15,19,15,15,14,11,11,12,16,16,14,16,17,17,18,17,22,18,19,22,19,17,23,33,25,25,29,39,48,77,76,116
11338,0,4,0,0,0,6,0,0,9,0,0,11,0,18,0,19,0,11,0,12,6,0,8,10,12,15,12,7,10,10,10,9,4,8,15,12,7,9,10,7,9,15,10,9,9,7,11,8,11,8,12,8,10,9,9,9,10,9,10,10,11,8,9,9,11,11,12,14,14,13,15,17,16,18,19,20,17,18,20,32,21,23,26,36,45,73,60,84
11338,0,3,0,0,0,6,0,0,9,0,0,11,0,18,0,19,0,12,0,12,6,0,8,9,12,15,12,7,10,10,10,10,3,8,15,12,7,8,10,7,10,14,11,10,8,7,10,9,10,7,11,9,10,8,9,10,10,9,7,9,10,8,9,9,11,11,12,14,14,13,15,17,16,18,19,19,16,18,19,32,22,21,24,34,44,71,54,80
11338,0,7,0,0,0,6,0,0,5,0,0,13,0,18,0,17,0,10,0,10,9,0,8,8,13,14,11,6,10,10,10,9,3,7,15,11,7,10,10,6,9,14,10,10,9,8,10,9,8,7,11,9,9,8,9,9,10,8,7,10,10,8,9,8,11,11,11,15,14,13,15,17,16,18,21,22,20,19,19,31,21,20,23,29,38,67,54,63
11338,0,5,0,0,0,4,0,0,7,0,0,14,0,18,0,17,0,9,0,10,9,0,7,9,13,13,10,4,8,8,9,9,8,7,12,13,7,8,9,6,8,14,9,10,7,7,10,8,7,8,11,9,8,9,9,10,10,7,6,9,9,8,9,9,10,10,11,12,15,13,15,16,16,18,20,22,19,19,19,29,19,20,21,27,30,64,40,47
11338,0,6,0,0,0,7,0,0,10,0,0,13,0,15,0,15,0,10,0,6,9,0,10,12,12,10,8,8,7,6,7,7,7,7,14,11,5,8,8,6,9,14,9,9,8,6,10,7,6,8,11,8,8,9,7,5,5,8,6,8,10,7,7,9,9,10,9,12,13,13,13,16,16,17,20,22,19,18,18,18,18,20,20,26,27,37,39,34
11338,0,7,0,0,0,8,0,0,10,0,0,12,0,12,0,12,0,9,0,7,5,0,7,10,10,10,9,9,7,5,6,9,5,5,10,11,4,10,7,9,8,10,7,10,8,6,8,7,6,5,8,6,8,7,8,6,4,6,6,4,6,7,7,7,9,10,10,13,13,12,14,14,15,17,19,22,19,17,14,14,16,17,18,21,27,30,33,28
11338,0,6,0,0,0,7,0,0,8,0,0,10,0,11,0,12,0,11,0,9,7,0,8,8,6,5,4,5,6,6,5,6,6,5,8,12,8,9,12,9,9,9,8,7,8,8,6,6,8,9,10,8,6,9,11,10,12,9,11,8,11,6,10,11,11,9,13,14,16,14,14,12,14,17,19,22,19,17,14,13,14,17,18,20,26,28,26,21
11338,0,5,0,0,0,6,0,0,7,0,0,8,0,8,0,8,0,6,0,4,6,0,7,5,6,8,8,7,8,8,7,7,7,6,8,13,9,8,10,8,9,12,11,13,8,10,11,12,9,12,15,13,20,30,31,30,19,21,17,18,16,16,17,17,19,25,37,42,25,22,19,20,21,22,22,26,24,21,16,16,16,18,21,32,45,55,25,14
11338,0,7,0,0,0,7,0,0,7,0,0,8,0,8,0,9,0,7,0,5,4,0,6,7,10,11,10,8,5,5,7,13,10,9,8,12,9,9,11,11,10,8,12,15,8,8,11,12,10,12,15,16,19,31,32,33,21,22,22,24,18,19,18,18,19,25,38,44,28,23,21,22,22,23,23,26,24,20,16,15,15,17,21,32,46,55,25,15
11338,0,4,0,0,0,4,0,0,3,0,0,2,0,4,0,6,0,9,0,9,9,0,9,11,14,15,13,11,10,11,11,11,6,9,14,11,11,15,10,15,10,10,8,19,11,16,12,14,13,14,15,15,24,36,36,38,30,27,22,28,21,21,20,20,21,26,38,44,33,24,24,22,23,24,26,27,25,21,18,16,15,15,20,33,46,55,24,17
11338,0,4,0,0,0,4,0,0,5,0,0,6,0,8,0,7,0,4,0,9,12,0,13,15,17,17,13,8,6,3,10,18,10,13,20,18,14,11,10,12,15,16,11,18,10,19,18,17,11,17,20,15,25,41,37,41,34,28,24,30,25,21,22,22,22,26,40,44,38,35,31,24,30,28,33,30,31,25,20,20,15,16,20,33,50,55,26,17
11338,0,5,0,0,0,5,0,0,5,0,0,4,0,8,0,10,0,8,0,10,14,0,16,18,19,15,8,9,10,11,5,19,14,16,24,17,10,15,14,13,19,15,7,20,12,24,17,19,18,21,17,24,29,44,49,39,38,26,28,30,30,21,24,24,25,29,40,46,42,43,34,25,31,30,37,32,33,29,24,23,18,17,23,35,53,56,26,18
11338,0,3,0,0,0,4,0,0,4,0,0,6,0,5,0,8,0,10,0,10,16,0,19,20,17,12,14,9,6,11,12,19,17,19,23,14,14,13,17,18,19,14,10,21,18,25,17,21,19,20,22,28,31,52,47,42,38,32,32,31,31,25,25,25,26,30,41,48,44,59,46,29,34,33,41,34,39,31,29,26,18,18,23,37,58,56,25,19
11338,0,6,0,0,0,6,0,0,7,0,0,6,0,9,0,5,0,10,0,11,18,0,21,20,14,16,11,9,10,4,14,22,21,21,21,16,12,14,18,21,17,15,15,26,22,24,15,23,20,21,32,26,37,58,46,46,38,36,35,31,31,25,28,25,27,30,41,49,45,71,61,47,45,43,46,39,40,43,38,30,20,23,27,37,58,56,26,19
11338,0,6,0,0,0,6,0,0,6,0,0,7,0,8,0,11,0,10,0,13,21,0,22,17,16,14,13,6,9,9,14,25,22,19,22,16,7,18,22,19,19,15,18,28,20,23,20,26,23,28,28,32,42,58,46,47,39,36,35,31,31,26,28,25,27,30,41,49,45,72,61,56,56,46,48,41,43,50,43,34,21,27,30,39,58,56,27,22
11338,0,5,0,0,0,5,0,0,6,0,0,5,0,6,0,11,0,8,0,14,23,0,23,14,18,13,13,10,5,11,12,28,23,17,22,16,12,15,24,18,19,16,17,32,18,25,18,27,22,26,31,32,45,57,46,47,39,37,35,31,31,25,28,26,27,30,41,49,45,73,63,58,59,49,50,42,47,53,50,37,23,30,32,40,58,56,27,23
11338,0,3,0,0,0,3,0,0,3,0,0,5,0,8,0,7,0,7,0,14,24,0,24,15,17,16,12,5,10,7,6,30,23,17,23,16,12,13,27,18,19,14,14,33,18,25,18,29,21,25,33,31,45,57,46,47,38,37,35,32,31,25,28,26,27,30,41,49,45,73,63,61,60,48,50,42,47,55,50,38,25,29,33,40,58,56,27,23
11338,0,6,0,0,0,6,0,0,7,0,0,7,0,5,0,9,0,9,0,15,26,0,23,18,15,12,13,9,8,5,9,31,22,18,21,17,9,14,28,18,18,14,13,34,18,25,17,30,20,25,34,31,45,58,45,47,39,37,35,31,31,26,28,26,27,30,41,49,45,73,63,64,60,48,50,42,47,55,50,38,24,30,33,40,58,56,26,23
11338,0,3,0,0,0,3,0,0,3,0,0,4,0,6,0,10,0,8,0,13,27,0,23,19,16,12,11,7,8,7,10,30,22,19,21,17,9,14,28,18,18,15,13,35,18,24,18,30,21,25,33,32,45,57,46,47,39,37,35,31,31,25,28,26,28,30,41,49,45,73,63,65,60,48,50,42,47,55,50,38,23,30,34,40,58,56,26,23
11338,0,3,0,0,0,3,0,0,4,0,0,5,0,8,0,9,0,8,0,12,28,0,21,19,17,14,14,9,9,4,9,29,22,19,21,16,9,15,28,18,18,15,13,35,18,23,21,30,20,25,34,31,45,57,40,43,38,37,35,30,31,25,28,25,25,29,30,41,44,73,63,65,60,48,50,41,45,55,50,37,23,30,33,37,55,36,23,23
11338,0,6,0,0,0,7,0,0,7,0,0,7,0,7,0,5,0,9,0,11,29,0,19,17,16,13,12,7,6,6,7,29,22,20,23,15,5,11,28,17,19,15,14,35,21,21,21,30,20,26,33,31,46,56,39,44,38,37,33,27,31,26,27,25,26,28,30,42,42,72,62,65,60,48,50,41,45,55,50,37,24,30,33,36,54,35,22,23
11338,0,5,0,0,0,5,0,0,5,0,0,5,0,7,0,10,0,8,0,3,30,0,17,14,13,7,6,9,9,10,9,29,20,17,19,14,11,15,29,18,15,16,10,36,21,20,19,30,21,26,32,31,45,54,45,42,31,36,33,27,29,26,26,24,25,26,26,40,39,72,62,65,60,48,50,41,44,54,50,37,23,30,33,36,54,34,22,22
11338,0,6,0,0,0,6,0,0,7,0,0,7,0,8,0,10,0,8,0,10,30,0,16,13,11,8,9,11,9,5,7,31,17,13,16,15,11,7,29,11,13,22,12,35,16,20,21,31,18,24,33,30,44,54,33,44,21,36,31,27,24,24,25,21,25,26,27,35,39,73,62,64,59,48,47,40,43,54,50,36,24,30,33,35,50,27,18,21
11338,0,7,0,0,0,7,0,0,7,0,0,8,0,7,0,6,0,11,0,14,29,0,16,10,6,9,9,6,9,9,10,31,15,12,16,13,9,16,29,14,15,19,9,35,12,21,16,29,15,23,30,31,45,46,28,35,23,37,27,26,19,22,26,19,19,26,24,32,37,68,63,64,58,45,46,39,41,54,49,37,27,31,33,33,46,27,18,21
11338,0,6,0,0,0,6,0,0,6,0,0,7,0,8,0,9,0,11,0,16,28,0,18,9,10,9,7,12,9,10,10,28,18,14,17,16,12,16,26,21,20,21,14,31,15,23,21,27,15,25,31,31,43,32,26,27,25,31,28,20,18,22,22,17,20,23,21,29,24,57,65,64,56,42,43,37,40,52,50,40,38,34,35,32,35,23,16,22
11338,0,8,0,0,0,8,0,0,8,0,0,9,0,8,0,12,0,11,0,17,26,0,19,11,14,8,10,7,12,8,11,24,20,15,14,10,10,11,23,27,19,20,17,31,22,21,19,27,16,21,35,27,31,21,16,24,15,19,13,19,17,13,19,15,16,18,18,22,22,34,44,64,49,41,40,32,37,54,49,41,43,35,34,29,29,23,16,21
11338,0,8,0,0,0,8,0,0,8,0,0,8,0,10,0,10,0,12,0,18,24,0,20,14,13,10,6,12,5,8,10,22,20,14,12,10,8,13,22,27,20,20,18,30,20,21,19,25,22,27,23,14,20,21,18,17,10,17,12,11,15,13,14,14,12,11,17,13,21,24,28,52,42,34,33,24,34,49,44,38,43,35,31,26,25,21,10,17
11338,0,6,0,0,0,6,0,0,6,0,0,7,0,7,0,6,0,11,0,16,21,0,22,17,10,11,10,8,11,10,10,19,19,12,13,11,9,12,21,27,20,19,18,28,18,21,22,22,19,23,21,15,13,16,13,14,11,11,9,12,12,12,11,12,10,12,10,10,13,17,27,37,33,27,19,22,27,40,38,37,43,33,28,23,21,21,9,15
11338,0,4,0,0,0,4,0,0,4,0,0,5,0,5,0,9,0,10,0,13,19,0,24,17,7,8,8,12,9,8,8,15,18,12,13,10,12,10,18,26,20,21,16,25,22,22,18,20,18,19,20,15,11,13,12,11,10,6,9,8,10,11,10,10,9,7,8,10,11,16,20,30,26,19,18,19,24,33,36,37,42,33,27,21,20,21,12,16
11338,0,6,0,0,0,6,0,0,7,0,0,7,0,9,0,10,0,9,0,12,18,0,23,14,9,9,10,11,2,7,8,14,17,14,13,12,10,9,16,26,20,20,16,23,22,22,16,19,18,16,16,15,12,12,9,10,9,10,9,10,9,12,13,11,9,9,8,10,12,13,17,19,17,14,13,16,23,31,35,36,42,33,27,22,19,21,10,14
11338,0,3,0,0,0,4,0,0,4,0,0,5,0,5,0,7,0,7,0,10,18,0,22,12,8,8,8,10,9,5,7,12,16,15,13,9,9,9,13,26,19,19,16,20,22,24,14,17,19,12,11,16,10,12,11,6,10,10,9,10,8,12,12,12,8,10,6,10,11,13,15,13,14,12,14,17,23,32,35,36,42,33,27,23,20,22,15,20
11338,0,3,0,0,0,3,0,0,4,0,0,5,0,5,0,4,0,7,0,8,17,0,21,12,8,8,1,8,7,4,5,11,15,15,11,6,8,12,12,26,18,18,16,17,22,18,18,13,18,11,10,14,9,6,8,7,7,7,8,8,8,12,12,11,9,8,9,9,11,13,13,13,11,13,14,17,22,31,35,37,42,33,27,23,20,21,16,22
11338,0,3,0,0,0,4,0,0,4,0,0,3,0,6,0,7,0,6,0,5,17,0,21,13,8,7,5,9,6,4,3,11,13,15,11,8,8,9,9,25,18,15,16,13,22,16,14,13,18,10,8,14,7,6,7,6,7,7,7,8,8,12,12,10,9,8,8,9,10,13,12,10,11,11,13,16,21,30,34,36,42,33,27,22,20,22,17,22
11338,0,4,0,0,0,4,0,0,4,0,0,5,0,3,0,7,0,6,0,6,16,0,20,14,5,6,4,6,6,6,4,11,13,14,13,7,4,9,9,26,17,14,17,13,21,14,11,14,17,9,8,14,6,6,7,6,6,7,7,8,9,12,11,11,9,8,8,9,10,13,11,11,11,11,13,17,21,30,34,36,42,33,27,22,19,22,20,26
11338,0,5,0,0,0,5,0,0,5,0,0,5,0,6,0,5,0,7,0,8,16,0,19,15,4,7,3,7,5,4,3,11,13,13,13,8,7,7,10,24,18,14,14,14,20,16,12,12,16,10,8,14,6,6,7,6,7,7,7,8,9,11,12,11,9,9,9,9,11,13,11,10,11,12,14,17,20,30,34,36,42,34,27,22,21,23,23,27
11338,0,5,0,0,0,5,0,0,5,0,0,6,0,6,0,6,0,7,0,10,15,0,17,15,8,6,6,5,4,4,4,12,12,12,13,7,6,11,13,23,18,14,15,15,18,15,10,13,14,9,11,13,7,6,7,6,6,7,7,8,9,10,11,11,9,9,8,9,11,12,13,10,11,13,14,17,20,29,34,34,41,33,28,23,21,23,26,30
11338,0,5,0,0,0,5,0,0,6,0,0,5,0,6,0,8,0,7,0,11,14,0,15,14,10,3,6,6,4,2,4,11,10,10,12,11,7,8,14,20,17,18,13,14,17,15,11,13,13,12,9,12,7,6,7,6,6,8,7,8,9,9,12,10,9,9,9,9,10,12,13,11,12,15,14,17,18,27,30,29,36,29,24,21,20,21,27,34
11338,0,5,0,0,0,5,0,0,5,0,0,6,0,7,0,6,0,8,0,10,12,0,13,12,10,7,3,4,4,3,4,10,8,8,10,9,7,11,14,16,13,10,12,17,14,16,9,12,9,8,10,10,6,6,7,6,6,8,7,8,9,9,10,9,9,9,9,10,10,12,13,12,11,15,13,15,15,17,22,20,19,21,21,21,17,22,28,35
11338,0,4,0,0,0,5,0,0,5,0,0,5,0,3,0,5,0,8,0,9,10,0,10,10,9,8,7,5,3,3,4,8,6,6,8,7,5,9,9,11,11,13,10,15,13,17,9,10,9,8,6,8,7,6,7,6,6,8,8,8,9,9,10,9,9,9,9,10,10,13,14,12,11,15,13,16,16,16,18,21,18,21,21,22,17,21,32,39
11338,0,3,0,0,0,4,0,0,4,0,0,4,0,6,0,6,0,6,0,6,7,0,7,7,6,6,6,6,5,5,5,6,4,4,5,6,3,3,4,6,6,6,7,11,7,11,9,10,6,7,4,6,5,7,7,6,6,8,8,8,8,9,9,9,9,9,9,10,10,14,14,14,11,15,14,16,16,16,18,19,20,21,22,22,18,22,33,41
11338,0,2,0,0,0,2,0,0,2,0,0,3,0,3,0,4,0,2,0,2,3,0,2,3,2,3,3,3,2,2,2,2,2,2,3,4,2,4,4,4,4,6,5,7,5,6,6,7,5,7,4,5,5,6,7,6,6,8,8,8,8,9,9,9,9,9,10,10,10,14,14,15,12,16,14,17,17,16,19,20,20,21,23,23,19,25,33,44
11338,0,2,0,0,0,1,0,0,2,0,0,2,0,3,0,3,0,3,0,2,2,0,3,2,2,2,2,2,2,1,1,2,1,1,2,3,1,2,3,4,3,5,4,7,6,7,6,7,5,7,4,5,5,6,7,7,5,8,9,8,8,8,8,10,10,10,10,10,11,14,13,15,13,17,14,17,18,16,19,20,20,22,23,22,20,28,37,45
11338,0,1,0,0,0,1,0,0,1,0,0,2,0,2,0,3,0,3,0,2,2,0,2,2,3,1,2,3,1,1,2,2,2,2,2,3,2,1,1,4,4,3,4,4,5,4,4,6,5,7,4,4,4,5,5,5,5,7,7,6,7,7,8,9,7,8,10,9,9,12,13,15,12,15,15,17,16,15,18,19,22,23,21,21,19,27,38,48
11338,0,1,0,0,0,1,0,0,1,0,0,2,0,2,0,3,0,3,0,2,3,0,2,2,3,2,2,2,1,1,1,2,1,1,2,3,2,2,1,4,4,4,3,4,5,4,4,6,5,7,4,4,5,5,5,5,5,7,7,6,8,8,8,9,7,8,10,10,9,12,13,15,13,15,15,17,17,16,17,19,23,23,22,20,20,27,39,49
11338,0,2,0,0,0,1,0,0,2,0,0,2,0,2,0,3,0,2,0,2,3,0,2,2,2,2,2,2,1,2,1,2,1,1,2,3,2,3,3,4,4,3,3,4,5,4,4,6,5,7,5,5,5,5,5,5,5,7,7,7,8,8,8,9,9,9,10,10,10,12,14,15,14,15,15,17,18,17,19,21,23,23,23,22,21,28,39,49
11338,0,2,0,0,0,2,0,0,2,0,0,2,0,2,0,3,0,3,0,2,3,0,2,2,3,2,2,3,2,2,1,2,2,2,3,2,2,3,2,4,4,3,3,4,5,4,4,6,5,7,5,5,5,5,5,6,6,8,7,7,9,8,9,9,8,9,10,11,10,12,13,16,16,15,15,17,19,18,20,22,26,24,24,21,21,30,39,50
11338,0,1,0,0,0,1,0,0,1,0,0,1,0,2,0,3,0,2,0,2,3,0,2,2,2,1,3,2,2,2,2,2,1,2,2,3,2,3,3,4,4,3,3,4,4,4,4,6,5,7,5,5,5,5,5,6,5,8,7,7,8,9,9,9,9,9,11,10,9,12,14,15,15,15,15,18,18,17,20,22,27,24,25,22,22,31,40,50
11338,0,1,0,0,0,1,0,0,1,0,0,1,0,3,0,4,0,3,0,2,2,0,2,2,2,1,3,1,1,2,1,2,1,1,3,2,2,3,2,4,4,3,3,4,4,4,3,5,5,5,5,5,5,5,6,6,6,7,8,6,9,8,9,9,8,9,11,11,8,13,13,15,16,16,16,17,19,20,20,22,28,24,24,23,23,31,38,51
11338,0,1,0,0,0,1,0,0,1,0,0,1,0,2,0,3,0,2,0,2,2,0,1,2,1,2,3,2,1,1,2,2,1,1,3,2,2,3,2,4,4,4,3,4,3,4,2,4,5,5,5,5,5,5,7,6,6,7,8,7,8,8,10,8,9,11,12,11,9,13,13,15,16,15,15,17,18,19,21,25,28,23,26,23,23,31,38,51
11338,0,2,0,0,0,2,0,0,2,0,0,2,0,3,0,3,0,2,0,2,2,0,3,1,2,2,3,2,2,2,2,3,2,2,3,3,2,3,4,4,3,3,4,4,3,4,3,5,5,5,5,5,5,6,7,7,8,7,8,7,9,9,9,8,10,10,11,11,9,13,13,15,17,15,18,17,20,20,21,25,28,25,26,24,24,35,39,49
11338,0,1,0,0,0,2,0,0,1,0,0,2,0,3,0,3,0,2,0,1,2,0,2,2,2,1,3,2,1,2,2,2,1,2,2,3,2,3,2,3,3,3,3,3,3,3,3,3,4,5,5,5,6,6,6,6,7,7,7,8,9,9,9,8,11,10,12,11,9,12,13,16,19,16,17,18,20,20,21,25,29,24,25,22,24,34,38,49
11338,0,1,0,0,0,1,0,0,1,0,0,1,0,3,0,3,0,2,0,1,2,0,2,2,1,2,3,2,1,1,2,2,1,1,2,2,1,3,3,3,3,3,3,3,2,3,4,3,4,5,5,4,5,6,7,6,7,7,7,7,9,9,9,8,10,10,12,10,9,12,13,17,18,17,16,19,20,22,21,25,28,24,25,23,24,34,39,46
11338,0,1,0,0,0,1,0,0,1,0,0,1,0,2,0,3,0,2,0,2,2,0,2,2,1,2,3,2,2,2,1,2,1,2,2,2,1,3,2,3,3,3,2,2,2,2,3,3,4,5,5,4,5,5,7,6,7,7,7,7,9,9,9,8,11,10,11,10,8,12,13,17,19,17,17,20,20,22,21,25,29,24,24,22,24,35,38,45
11338,0,2,0,0,0,2,0,0,2,0,0,2,0,3,0,3,0,3,0,3,1,0,2,2,2,2,3,2,3,3,3,3,3,3,3,3,2,4,2,3,2,2,3,3,3,3,4,5,5,5,5,6,5,5,7,6,7,6,7,7,10,9,10,9,11,10,12,9,9,12,13,18,19,18,18,18,21,23,21,26,29,24,25,23,22,35,38,46
11338,0,2,0,0,0,3,0,0,3,0,0,3,0,2,0,5,0,3,0,3,4,0,4,4,4,4,4,3,3,3,3,4,3,3,4,5,3,4,4,5,5,6,6,8,7,9,9,8,4,6,5,5,5,5,7,6,7,7,7,9,10,15,14,10,11,10,11,9,10,12,14,18,19,17,17,18,21,22,21,27,31,24,25,23,25,36,35,44
11338,0,2,0,0,0,2,0,0,2,0,0,3,0,4,0,6,0,5,0,5,5,0,5,5,3,2,3,3,3,4,3,4,4,4,5,3,3,5,6,5,4,5,6,9,8,9,7,9,7,4,5,4,6,6,7,6,7,7,7,9,10,15,15,10,11,10,11,10,10,13,14,17,20,17,17,19,21,22,21,27,30,24,24,23,24,36,36,42
11338,0,2,0,0,0,2,0,0,2,0,0,3,0,4,0,5,0,5,0,5,5,0,5,4,3,2,3,2,3,4,3,5,4,4,5,4,3,5,6,5,5,5,5,9,8,10,6,9,6,5,4,5,6,5,7,6,7,7,8,9,9,15,15,10,11,9,11,11,10,13,15,17,19,18,17,19,21,21,21,26,30,23,24,23,24,35,35,40
11338,0,1,0,0,0,2,0,0,3,0,0,3,0,3,0,6,0,5,0,5,5,0,5,5,3,2,3,2,3,4,3,5,4,4,5,3,3,5,6,5,5,5,5,9,8,10,6,9,6,5,4,5,6,5,7,7,6,8,8,9,9,15,15,10,10,10,12,10,11,13,16,18,19,18,17,18,20,21,20,27,28,23,23,23,24,35,35,38
11338,0,1,0,0,0,1,0,0,3,0,0,3,0,3,0,6,0,5,0,5,6,0,5,4,4,2,3,3,2,4,3,5,4,4,5,3,3,5,6,5,5,5,5,9,8,10,6,9,6,5,4,5,6,5,7,6,6,7,8,9,9,15,15,10,10,9,11,10,11,13,16,17,19,17,17,17,20,21,19,25,27,22,22,22,23,34,34,37
11338,0,1,0,0,0,2,0,0,2,0,0,3,0,4,0,5,0,5,0,5,5,0,5,4,4,3,3,3,2,4,3,5,4,4,5,3,3,5,6,5,5,5,6,9,8,10,6,9,6,5,4,5,6,6,7,6,6,7,8,9,9,14,15,10,10,9,10,10,11,11,16,17,18,17,16,17,20,19,19,25,27,22,20,20,22,34,34,36
11338,0,2,0,0,0,2,0,0,3,0,0,2,0,4,0,5,0,5,0,5,5,0,5,4,4,3,3,2,2,3,4,5,4,4,5,3,3,5,6,5,4,5,6,9,8,10,6,9,6,6,7,7,6,5,7,5,5,7,8,9,9,14,15,10,8,8,10,10,11,11,16,17,17,17,16,17,20,19,17,23,27,21,19,20,20,33,33,34
11338,0,2,0,0,0,1,0,0,3,0,0,2,0,4,0,5,0,5,0,5,5,0,5,4,3,3,4,2,3,4,3,5,3,4,5,4,3,5,6,5,5,5,5,9,7,10,6,9,6,5,8,6,6,4,5,5,5,6,8,8,8,14,15,10,8,8,9,10,11,13,16,17,16,16,15,17,19,19,17,24,27,22,19,20,19,30,32,30
11338,0,2,0,0,0,2,0,0,3,0,0,2,0,4,0,5,0,5,0,5,6,0,5,4,4,3,3,1,3,3,3,5,4,4,5,3,3,5,5,6,5,5,6,9,7,10,6,9,6,6,7,6,6,4,5,5,5,6,7,8,8,14,16,10,8,7,9,10,11,12,15,16,15,16,15,16,19,18,17,23,26,21,19,19,19,30,31,29
11338,0,2,0,0,0,3,0,0,4,0,0,3,0,5,0,6,0,5,0,5,6,0,5,3,4,4,4,2,2,3,4,5,4,3,5,4,4,5,6,5,5,5,5,9,7,10,6,9,6,6,7,6,6,4,5,4,6,6,7,8,8,15,16,10,7,8,8,11,10,13,14,15,14,16,15,14,18,16,16,22,25,20,18,17,20,30,28,26
11338,0,3,0,0,0,3,0,0,4,0,0,5,0,7,0,7,0,6,0,5,7,0,6,4,3,2,4,3,2,2,3,6,5,4,4,3,3,5,5,6,5,5,5,9,7,10,6,9,6,6,7,6,6,4,5,4,6,6,7,7,8,15,16,9,6,8,8,11,11,13,14,14,12,15,12,14,16,14,15,22,24,17,16,18,18,27,27,26
11338,0,1,0,0,0,2,0,0,3,0,0,6,0,7,0,8,0,6,0,5,7,0,6,5,4,4,5,4,4,3,2,4,4,3,3,4,3,5,5,5,5,5,5,9,7,10,6,8,7,6,7,7,5,3,4,4,5,6,7,8,9,14,16,9,6,8,8,11,11,14,14,13,13,15,12,12,12,14,13,21,24,18,15,17,17,24,26,23
11338,0,3,0,0,0,4,0,0,4,0,0,5,0,7,0,8,0,7,0,6,6,0,6,4,3,2,4,4,4,3,2,3,3,2,4,4,3,4,3,3,3,4,3,6,3,6,7,6,5,6,7,6,5,3,3,3,3,6,7,7,7,8,11,9,5,7,8,10,9,13,13,11,12,14,11,9,11,14,12,16,18,16,14,16,15,19,22,18
11338,0,2,0,0,0,2,0,0,3,0,0,5,0,6,0,7,0,7,0,7,5,0,4,3,4,3,4,3,3,3,3,3,2,1,2,3,2,3,3,2,3,3,3,5,3,5,4,4,4,5,7,6,4,3,3,3,3,4,6,5,6,6,9,8,5,7,8,10,9,13,11,10,11,12,10,7,11,13,12,14,17,14,12,15,13,17,15,14
11338,0,2,0,0,0,3,0,0,3,0,0,5,0,6,0,7,0,7,0,7,5,0,4,3,4,3,4,3,3,3,3,3,2,1,2,3,2,3,3,2,3,3,3,4,3,4,3,4,4,5,7,6,4,3,3,3,2,4,4,5,6,5,10,8,5,6,8,10,9,12,10,8,8,12,10,7,10,13,11,14,17,14,12,15,12,17,12,13
11338,0,2,0,0,0,3,0,0,3,0,0,5,0,6,0,7,0,7,0,7,5,0,4,3,4,3,4,3,3,3,3,3,2,1,3,3,2,3,3,2,3,3,3,4,3,4,3,4,4,5,7,6,3,3,3,3,2,3,3,4,5,5,9,7,5,7,7,9,8,12,9,8,8,10,9,6,11,12,11,14,17,14,12,14,12,17,12,13
11338,0,2,0,0,0,3,0,0,4,0,0,5,0,6,0,6,0,7,0,7,5,0,4,3,3,3,4,4,3,3,3,3,2,1,3,3,2,3,3,2,3,3,3,4,3,3,3,4,4,5,7,6,3,3,3,2,2,4,3,4,4,5,9,7,4,5,7,9,8,12,9,7,7,9,8,6,10,11,11,14,17,14,11,14,11,17,11,12
11338,0,2,0,0,0,3,0,0,4,0,0,5,0,7,0,6,0,7,0,7,4,0,5,2,5,3,5,2,4,1,4,4,3,3,5,5,3,3,4,3,4,5,6,6,5,6,6,7,6,5,8,7,6,8,8,7,7,8,8,9,8,8,11,9,8,8,8,10,9,12,11,10,9,12,11,12,13,14,12,15,17,16,14,15,14,18,15,15
11338,0,1,0,0,0,3,0,0,4,0,0,4,0,7,0,6,0,7,0,7,5,0,5,3,5,3,5,3,4,2,4,5,3,3,3,5,3,3,4,4,4,4,5,6,6,7,6,7,5,7,6,6,7,8,7,8,7,8,7,9,8,8,11,9,8,9,9,10,9,13,11,10,9,12,12,12,13,14,13,16,17,16,15,16,15,18,17,20
11338,0,1,0,0,0,3,0,0,4,0,0,4,0,7,0,7,0,7,0,7,5,0,6,2,5,3,4,2,5,2,4,4,3,2,5,4,3,5,3,5,3,4,5,7,6,7,7,7,5,7,6,6,7,8,8,8,8,8,7,9,8,8,11,10,9,9,10,10,10,13,11,10,9,12,13,13,15,14,16,15,18,16,18,18,18,20,22,20
11338,0,1,0,0,0,3,0,0,4,0,0,4,0,7,0,7,0,6,0,6,5,0,6,2,4,3,5,3,5,2,4,4,3,3,5,4,2,5,3,4,4,4,4,7,6,7,6,7,5,7,6,6,7,7,8,8,8,9,7,9,8,8,10,9,8,9,9,10,9,13,13,16,11,11,16,14,15,16,16,15,18,16,18,18,17,24,27,27
11338,0,3,0,0,0,4,0,0,4,0,0,4,0,7,0,6,0,6,0,6,5,0,6,4,5,1,4,2,4,1,4,4,2,3,4,4,3,4,4,4,4,4,5,7,5,7,6,7,5,7,6,6,7,7,8,8,8,8,7,10,8,8,10,9,10,9,10,11,10,12,13,17,12,12,15,16,18,17,19,16,18,19,21,20,18,28,26,27
11338,0,2,0,0,0,2,0,0,3,0,0,3,0,5,0,5,0,3,0,3,4,0,4,3,4,3,4,3,4,2,4,4,3,4,4,4,3,5,3,4,4,6,5,7,5,7,6,8,7,8,6,6,7,7,9,8,8,9,8,13,10,8,12,10,10,10,11,11,13,14,13,19,18,15,16,21,18,21,18,24,23,29,26,22,28,34,28,36
11338,0,1,0,0,0,2,0,0,1,0,0,3,0,4,0,4,0,3,0,3,4,0,3,3,4,3,3,3,3,3,2,4,4,3,4,4,3,5,5,5,5,5,5,7,5,7,6,8,6,7,6,6,7,9,9,9,9,9,8,14,10,9,12,10,11,10,12,13,14,16,13,21,19,17,17,21,21,23,21,24,25,30,30,28,29,38,36,36
11338,0,2,0,0,0,2,0,0,1,0,0,3,0,4,0,4,0,2,0,3,4,0,3,4,3,3,3,2,3,4,1,5,3,4,5,5,3,6,7,6,3,5,6,8,6,7,6,9,6,8,7,7,7,9,10,9,10,10,8,14,9,10,12,10,10,12,12,13,14,17,15,21,19,17,17,21,20,24,23,26,26,32,30,28,30,40,40,38
11338,0,2,0,0,0,1,0,0,2,0,0,3,0,4,0,4,0,3,0,3,4,0,3,4,3,3,3,3,3,3,2,4,4,4,5,6,4,6,8,7,4,6,6,7,6,7,6,9,5,8,7,7,8,9,10,9,10,10,8,14,10,11,12,10,11,12,12,13,14,18,15,21,19,17,19,22,21,24,23,27,27,32,31,29,31,41,40,38
11338,0,1,0,0,0,1,0,0,2,0,0,3,0,4,0,4,0,2,0,3,4,0,3,4,3,3,3,3,3,3,2,4,3,4,5,6,4,6,8,7,4,6,6,7,6,7,6,9,5,8,7,7,7,9,10,9,10,10,8,14,10,11,13,10,11,12,12,13,14,18,15,21,19,17,20,22,21,24,23,27,26,32,31,29,31,42,41,38
11338,0,2,0,0,0,1,0,0,2,0,0,2,0,3,0,4,0,3,0,3,4,0,3,4,3,3,3,3,3,3,2,4,4,4,5,6,4,6,8,7,4,6,6,7,6,7,7,9,5,8,7,7,7,9,10,9,10,10,8,14,10,11,13,10,11,12,12,13,14,18,15,21,19,17,19,22,21,24,23,27,26,32,31,29,31,42,41,38
11338,0,1,0,0,0,1,0,0,1,0,0,2,0,4,0,4,0,3,0,3,3,0,3,3,3,3,4,3,3,4,2,4,3,4,5,6,4,6,8,7,4,6,6,7,6,7,7,9,5,8,7,7,7,9,10,9,10,10,8,14,10,11,13,10,11,12,12,13,14,18,15,21,19,17,19,22,21,24,23,27,26,32,31,29,31,42,41,38
11338,0,1,0,0,0,2,0,0,2,0,0,1,0,3,0,4,0,1,0,3,2,0,1,1,2,2,1,2,2,2,3,4,3,3,6,8,2,7,8,7,4,6,5,6,4,5,6,8,5,7,5,6,5,9,9,9,9,9,8,14,10,10,11,9,10,12,12,13,14,18,15,21,19,17,19,21,20,24,23,27,26,32,31,29,31,42,40,37
11338,0,1,0,0,0,2,0,0,2,0,0,0,0,3,0,4,0,0,0,3,2,0,2,1,3,1,2,2,1,2,3,4,2,3,6,8,3,7,8,7,4,6,5,6,4,5,6,8,5,6,5,6,5,9,9,8,9,9,8,14,9,10,11,9,10,12,11,13,14,18,14,21,19,17,19,21,20,24,23,27,26,32,31,29,31,41,40,37
11338,0,2,0,0,0,2,0,0,2,0,0,3,0,3,0,4,0,3,0,4,3,0,3,3,4,3,3,3,3,2,2,5,3,3,6,8,3,7,8,7,4,6,6,6,4,5,6,8,5,6,6,6,6,9,9,9,8,9,7,14,9,10,11,9,11,12,12,13,13,17,14,21,19,17,18,21,20,23,22,27,26,32,31,29,30,41,40,37
11338,0,2,0,0,0,2,0,0,3,0,0,3,0,2,0,4,0,3,0,2,3,0,3,3,4,3,4,3,3,2,3,5,4,5,7,9,5,8,8,7,4,7,5,7,4,7,5,9,4,7,5,7,5,9,7,9,8,9,7,13,9,10,12,10,11,11,11,13,13,17,14,19,19,17,18,21,20,23,21,27,26,32,30,29,30,40,40,37
11338,0,3,0,0,0,3,0,0,3,0,0,4,0,5,0,4,0,6,0,6,6,0,7,7,7,7,6,6,5,6,6,7,3,4,9,11,7,8,9,9,7,9,7,10,8,11,10,11,11,14,13,12,14,15,17,16,13,11,9,15,11,16,16,20,19,16,11,14,13,17,14,19,18,16,18,20,17,22,20,26,26,31,29,28,30,40,39,36
11338,0,4,0,0,0,4,0,0,4,0,0,4,0,3,0,6,0,7,0,9,11,0,12,12,12,10,9,9,9,9,9,12,8,7,12,14,8,7,8,13,14,19,14,16,13,18,15,13,11,18,26,25,26,36,31,30,28,28,25,22,23,26,33,42,40,36,28,16,19,18,17,17,16,17,19,27,29,32,24,27,22,25,28,29,28,35,39,27
11338,0,3,0,0,0,3,0,0,3,0,0,4,0,4,0,7,0,8,0,10,11,0,12,11,10,9,8,7,8,8,8,12,9,8,14,15,8,7,7,12,12,16,13,15,12,19,17,15,11,17,22,22,24,41,37,30,25,26,25,23,25,25,28,42,52,30,25,18,15,18,15,15,15,16,19,24,31,30,24,24,23,20,24,27,25,31,32,26
11338,0,2,0,0,0,1,0,0,2,0,0,4,0,4,0,6,0,7,0,9,11,0,12,12,11,7,6,7,8,9,9,12,8,8,14,15,8,8,7,11,14,15,12,16,13,18,18,15,8,19,21,23,22,43,34,33,25,26,26,25,25,25,28,42,52,32,26,19,16,19,14,15,15,17,19,25,32,30,24,24,13,16,22,26,24,28,23,24
11338,0,2,0,0,0,3,0,0,3,0,0,3,0,2,0,6,0,8,0,9,10,0,12,13,11,7,7,7,8,9,9,12,8,7,14,15,8,8,7,11,14,15,12,17,13,18,18,15,9,19,21,23,23,43,34,33,25,26,27,25,25,25,28,42,53,37,32,23,17,21,16,15,14,17,18,24,32,30,25,24,12,14,22,26,21,18,15,21
11338,0,4,0,0,0,4,0,0,4,0,0,4,0,6,0,7,0,5,0,11,11,0,11,16,11,9,12,8,10,13,11,13,9,7,15,15,9,8,10,12,14,16,12,18,14,18,18,16,11,19,21,23,23,42,35,33,24,27,29,26,25,25,28,42,53,39,32,24,17,21,16,16,15,17,19,24,32,30,25,23,11,14,22,25,21,17,13,20
11338,0,2,0,0,0,2,0,0,4,0,0,4,0,3,0,7,0,7,0,10,13,0,8,16,13,11,13,10,11,14,12,15,7,9,14,15,11,12,13,15,14,18,12,18,14,18,19,18,14,18,22,23,27,44,42,42,34,33,31,29,28,27,30,43,53,40,51,38,25,24,20,20,20,22,25,30,34,37,30,27,14,19,30,36,26,17,13,20
11338,0,2,0,0,0,3,0,0,4,0,0,5,0,4,0,7,0,6,0,10,12,0,8,16,14,12,13,8,10,14,12,15,7,9,14,15,11,11,13,16,14,18,12,18,14,18,18,18,13,18,22,23,28,43,42,44,31,35,30,30,28,26,30,43,53,42,50,40,32,28,23,21,21,23,24,31,34,38,31,28,15,19,30,38,30,18,15,21
11338,0,3,0,0,0,4,0,0,5,0,0,3,0,4,0,6,0,8,0,11,12,0,11,15,16,14,11,9,12,16,9,15,8,10,14,16,11,11,15,14,15,17,14,17,14,17,18,19,15,19,22,24,28,43,42,44,31,34,30,30,29,26,30,43,53,42,50,40,31,31,24,21,21,23,25,30,34,38,32,28,15,19,30,39,32,19,15,21
11338,0,3,0,0,0,2,0,0,3,0,0,6,0,5,0,6,0,9,0,10,14,0,13,13,18,16,7,12,14,13,12,16,8,10,14,14,13,12,16,15,13,16,17,19,17,19,19,19,15,24,23,25,35,43,41,47,30,36,30,31,29,27,32,43,54,42,50,40,37,48,47,30,27,24,26,32,34,40,43,33,26,28,39,53,39,25,19,22
11338,0,1,0,0,0,2,0,0,4,0,0,5,0,5,0,7,0,9,0,9,14,0,14,14,18,16,7,12,14,13,12,16,8,10,15,13,14,13,16,15,13,16,17,19,16,18,20,19,16,23,21,28,39,43,42,46,31,36,29,31,29,27,31,43,54,42,50,40,36,47,50,29,26,24,26,32,34,40,44,33,26,28,38,53,39,25,19,22
11338,0,2,0,0,0,1,0,0,3,0,0,5,0,4,0,7,0,9,0,9,15,0,14,14,17,16,7,13,14,13,11,16,8,11,14,13,14,13,16,14,14,16,16,19,17,17,21,19,16,22,24,27,40,42,42,46,30,36,29,31,29,27,31,43,53,43,50,40,37,46,51,34,29,25,27,32,34,41,45,41,29,29,39,53,39,26,23,24
11338,0,4,0,0,0,5,0,0,4,0,0,7,0,4,0,8,0,10,0,10,14,0,14,14,17,16,6,12,14,13,12,16,9,11,14,12,13,12,16,14,13,16,16,18,19,20,21,17,18,25,25,27,40,42,42,46,30,36,28,31,29,27,32,41,53,43,50,40,37,46,52,35,30,28,29,32,34,41,45,46,30,30,39,53,40,26,24,25
11338,0,3,0,0,0,3,0,0,2,0,0,5,0,6,0,5,0,6,0,10,12,0,13,14,15,18,9,8,17,8,9,16,6,11,8,14,11,16,15,14,13,19,16,15,14,15,16,24,27,24,26,30,39,37,40,45,31,34,23,29,24,21,28,26,40,38,51,40,37,46,52,35,37,41,32,32,29,40,47,54,34,40,48,54,39,26,25,25
11338,0,3,0,0,0,3,0,0,3,0,0,6,0,5,0,3,0,5,0,11,11,0,14,15,15,18,7,9,17,8,9,16,8,11,5,15,11,16,15,15,12,18,16,15,15,16,15,23,29,23,24,28,39,35,39,45,30,34,23,29,24,21,26,24,31,38,50,40,37,46,52,35,36,42,32,32,28,40,47,54,34,39,48,54,39,26,25,25
11338,0,2,0,0,0,2,0,0,2,0,0,5,0,7,0,5,0,8,0,10,13,0,12,15,13,19,4,11,16,6,9,16,8,10,6,15,10,17,15,14,13,17,16,17,14,14,17,23,28,25,23,28,39,35,39,45,29,33,21,28,23,20,25,22,26,37,50,40,37,46,52,36,37,43,36,32,29,40,47,59,40,41,49,55,40,28,31,34
11338,0,2,0,0,0,3,0,0,3,0,0,4,0,6,0,4,0,7,0,11,13,0,11,15,13,18,4,11,16,7,9,16,7,10,6,15,10,17,15,14,13,17,16,18,13,14,17,22,28,25,23,28,39,35,39,44,29,32,20,29,23,20,26,22,27,33,48,41,36,46,52,36,37,43,36,33,29,39,47,60,40,41,49,55,40,28,32,34
11338,0,3,0,0,0,4,0,0,5,0,0,6,0,7,0,8,0,9,0,10,11,0,12,15,11,15,12,10,12,9,6,10,5,7,8,14,7,17,13,8,10,15,13,19,17,15,17,23,28,26,24,28,39,37,42,44,27,30,23,23,23,21,21,22,25,32,46,42,36,46,52,37,38,43,35,34,30,38,47,61,40,41,49,55,40,29,32,35
11338,0,2,0,0,0,3,0,0,2,0,0,4,0,6,0,5,0,9,0,8,9,0,14,14,11,15,13,10,11,10,7,9,6,6,9,14,6,18,12,9,11,17,13,20,16,15,18,27,27,26,24,27,36,33,25,24,23,21,19,18,15,17,15,16,17,22,23,28,34,46,51,35,38,44,36,27,26,33,47,60,41,40,48,53,39,29,32,35
11338,0,3,0,0,0,3,0,0,3,0,0,3,0,5,0,6,0,9,0,9,10,0,14,14,11,14,13,10,12,9,7,9,6,6,9,14,6,17,12,10,10,17,13,20,15,15,18,27,27,26,24,27,36,33,22,24,20,18,17,17,15,17,15,16,17,19,18,21,30,45,51,35,38,44,36,28,25,33,46,60,40,40,48,53,38,28,32,35
11338,0,2,0,0,0,3,0,0,3,0,0,5,0,7,0,4,0,10,0,8,11,0,12,12,11,11,11,6,9,11,5,11,9,9,12,13,9,16,12,9,9,16,13,20,17,17,19,27,27,27,25,28,35,33,23,22,19,20,17,16,15,17,15,15,17,19,17,22,28,45,51,35,38,45,37,30,25,33,48,60,41,41,47,53,39,27,32,35
11338,0,3,0,0,0,4,0,0,4,0,0,4,0,5,0,8,0,6,0,7,8,0,9,12,13,6,9,9,8,10,9,11,4,4,8,13,7,13,12,10,7,16,12,18,13,14,19,27,27,27,17,25,24,15,18,15,15,14,15,12,13,10,13,13,13,14,14,17,19,25,31,35,37,44,38,28,24,30,39,59,39,39,46,40,31,25,32,35
11338,0,4,0,0,0,4,0,0,5,0,0,7,0,8,0,9,0,6,0,8,9,0,7,11,13,7,10,9,8,10,9,10,5,5,9,13,7,12,12,10,7,16,12,18,13,14,18,27,27,26,20,21,21,13,15,14,13,14,12,11,12,9,13,9,12,13,12,14,15,19,27,32,37,44,38,29,24,30,40,59,39,39,46,41,31,25,32,35
11338,0,9,0,0,0,9,0,0,9,0,0,8,0,9,0,8,0,13,0,14,14,0,9,9,7,7,12,12,9,10,9,11,6,7,11,13,6,10,12,10,7,15,14,18,13,14,18,27,27,27,17,20,20,13,14,15,11,12,12,10,10,9,12,9,10,12,12,13,14,18,20,22,36,45,38,29,24,30,39,56,38,39,45,40,30,24,31,34
11338,0,19,0,0,0,19,0,0,20,0,0,21,0,22,0,23,0,25,0,27,28,0,26,26,23,23,19,18,19,15,15,23,15,16,22,23,14,20,17,13,11,13,10,14,13,15,20,29,23,25,17,16,16,16,13,11,11,12,11,10,10,10,10,9,11,10,11,13,11,17,19,21,34,44,38,29,24,28,40,56,38,38,46,40,30,24,30,34
11338,0,16,0,0,0,19,0,0,22,0,0,25,0,30,0,33,0,36,0,39,39,0,36,33,27,21,18,20,25,24,25,36,24,22,25,21,17,23,18,15,19,26,21,18,17,21,20,28,21,25,23,21,20,21,19,19,18,20,19,19,19,19,19,18,19,18,18,19,19,18,18,19,23,35,37,30,25,26,34,48,34,30,31,38,30,25,30,35
11338,0,11,0,0,0,15,0,0,22,0,0,27,0,35,0,42,0,46,0,50,49,0,41,30,20,32,36,38,38,32,27,22,15,17,21,18,15,17,15,19,19,17,8,16,14,11,16,24,19,19,15,14,12,11,10,10,10,12,9,11,10,8,8,8,8,8,11,7,10,12,13,16,21,33,35,28,20,24,33,48,34,28,29,37,29,25,30,34
11338,0,12,0,0,0,15,0,0,18,0,0,23,0,32,0,42,0,48,0,52,50,0,40,27,18,31,35,37,37,30,25,26,14,11,22,22,18,22,17,20,20,14,13,17,15,14,15,24,20,17,15,14,11,12,11,11,9,11,9,11,10,7,9,7,7,7,7,8,9,10,13,15,20,28,33,27,19,22,30,37,27,23,24,30,28,21,19,24
11338,0,8,0,0,0,9,0,0,19,0,0,27,0,35,0,39,0,45,0,53,53,0,41,21,14,25,35,41,40,29,21,31,12,13,25,22,16,18,20,22,19,15,12,17,15,15,15,24,20,17,15,14,12,10,12,10,9,12,9,11,10,8,9,8,7,7,7,7,9,11,13,15,20,27,31,27,18,22,29,34,24,23,23,29,28,20,19,19
11338,0,3,0,0,0,13,0,0,19,0,0,25,0,35,0,41,0,44,0,53,54,0,41,19,12,26,36,40,39,29,21,31,13,14,25,23,15,20,19,22,18,16,11,18,13,13,15,20,17,16,14,13,10,11,11,8,9,10,9,11,9,7,9,8,7,7,7,7,8,9,12,14,17,21,31,27,18,21,28,32,22,22,22,28,27,19,16,12
11338,0,6,0,0,0,11,0,0,20,0,0,26,0,34,0,41,0,44,0,53,54,0,41,19,12,26,36,40,39,29,21,31,13,14,25,23,15,19,19,22,18,16,11,18,12,14,17,13,10,13,12,12,10,9,10,8,9,10,9,10,9,7,8,7,6,6,6,6,7,7,11,11,16,18,29,27,18,21,28,31,22,22,22,28,27,19,15,12
11338,0,5,0,0,0,12,0,0,19,0,0,26,0,34,0,41,0,44,0,53,54,0,41,20,12,26,36,40,39,29,21,31,13,14,26,23,15,19,19,22,18,16,11,18,12,14,16,13,11,12,13,12,10,9,10,8,9,10,9,10,9,7,8,7,6,6,6,6,7,7,11,11,16,18,29,27,18,21,28,31,22,22,22,28,27,19,15,12
11338,0,6,0,0,0,11,0,0,20,0,0,26,0,34,0,41,0,44,0,53,54,0,41,19,12,25,36,40,39,29,21,31,12,13,25,23,16,19,19,22,17,15,11,17,11,12,14,10,7,10,7,7,8,8,9,9,8,7,8,9,8,8,8,6,5,4,4,5,6,7,8,11,13,14,25,23,18,19,24,25,17,19,18,22,21,18,14,10
11338,0,6,0,0,0,11,0,0,20,0,0,26,0,34,0,41,0,44,0,53,54,0,41,19,13,25,36,41,38,30,21,31,12,13,25,23,16,19,19,22,17,16,11,17,11,12,14,10,7,10,8,7,9,8,9,8,8,6,6,9,8,7,7,6,4,3,4,5,5,6,6,7,11,11,22,21,16,17,20,24,14,15,12,18,19,18,14,10
11338,0,6,0,0,0,10,0,0,20,0,0,26,0,34,0,41,0,44,0,53,54,0,41,19,13,25,36,41,38,30,22,30,12,13,26,23,16,19,19,22,17,16,11,17,11,12,14,10,7,10,8,7,8,8,9,8,7,6,6,9,7,7,8,6,4,4,4,5,5,5,6,7,10,11,21,19,16,17,16,17,12,13,11,15,18,18,14,9
11338,0,10,0,0,0,12,0,0,18,0,0,24,0,35,0,42,0,45,0,53,53,0,41,21,10,24,36,41,39,30,21,30,12,12,26,22,15,20,19,23,17,14,11,16,12,12,14,10,8,8,7,6,8,8,9,7,7,6,6,9,8,7,8,6,5,4,5,5,5,5,6,7,9,9,14,10,12,17,15,15,11,13,11,15,18,17,13,8
11338,0,19,0,0,0,21,0,0,28,0,0,33,0,39,0,42,0,41,0,47,48,0,41,29,23,26,32,36,35,29,21,32,19,8,27,27,11,13,24,23,16,13,9,18,12,11,15,9,7,9,8,9,9,8,9,9,8,8,8,10,10,8,9,7,8,8,8,8,8,8,8,8,7,8,14,9,11,14,14,14,11,13,11,14,18,17,12,9
11338,0,15,0,0,0,19,0,0,22,0,0,25,0,28,0,29,0,27,0,36,41,0,40,33,27,29,33,35,34,30,22,28,23,23,26,12,12,19,24,25,22,24,17,25,20,23,17,22,18,20,18,18,17,20,21,18,17,19,19,19,17,18,19,18,19,18,18,18,18,19,18,18,18,18,19,19,20,19,19,20,19,19,19,19,21,21,19,19
11338,0,11,0,0,0,12,0,0,8,0,0,11,0,7,0,10,0,17,0,23,25,0,25,23,21,18,16,15,16,17,17,25,17,16,20,14,5,11,13,12,9,11,11,12,6,11,12,10,5,8,8,7,7,7,7,7,6,6,7,8,8,6,7,7,7,6,6,6,6,6,7,6,7,8,8,8,7,8,7,7,7,7,7,9,8,8,7,7
11338,0,11,0,0,0,12,0,0,12,0,0,11,0,14,0,14,0,21,0,22,21,0,21,19,18,17,16,15,15,15,14,19,11,11,15,15,10,14,12,10,9,10,7,7,3,5,5,7,6,6,6,6,6,6,6,6,6,5,6,7,6,5,5,6,6,5,5,5,5,5,6,6,6,7,6,7,7,7,7,5,6,5,5,7,6,5,5,6
11338,0,7,0,0,0,6,0,0,9,0,0,10,0,10,0,12,0,15,0,12,11,0,11,10,8,9,7,7,7,4,4,6,4,4,6,6,4,6,7,6,6,7,5,7,6,7,5,6,5,5,6,5,5,6,6,5,5,5,5,5,5,5,5,5,5,5,5,5,5,5,5,5,4,7,5,6,5,6,5,5,5,6,5,5,5,6,6,6
11338,0,6,0,0,0,7,0,0,7,0,0,4,0,5,0,10,0,10,0,6,6,0,4,6,5,3,3,3,2,3,4,5,1,1,3,3,2,3,4,3,2,3,3,4,2,2,3,4,2,2,3,3,2,3,3,3,2,3,3,3,3,3,4,3,3,3,3,3,3,4,3,3,3,3,3,4,4,3,3,4,4,4,4,4,4,4,4,4
11338,0,4,0,0,0,4,0,0,5,0,0,4,0,6,0,9,0,8,0,5,5,0,4,3,3,4,3,2,3,4,4,5,1,2,3,2,2,3,3,3,3,3,3,3,2,2,3,2,2,2,2,2,2,3,2,2,2,3,3,3,3,2,3,3,3,2,2,3,3,3,3,3,3,3,3,4,4,3,3,3,3,3,3,3,4,4,4,4
11338,0,4,0,0,0,5,0,0,6,0,0,5,0,6,0,9,0,8,0,5,4,0,5,4,3,3,3,3,3,3,4,5,2,2,3,2,1,1,3,2,1,2,2,2,1,2,2,2,2,2,3,2,2,3,2,2,2,3,2,3,3,2,2,3,2,2,2,3,3,3,3,3,3,3,3,3,3,3,3,3,3,3,3,3,3,4,3,4
11338,0,4,0,0,0,4,0,0,5,0,0,4,0,5,0,8,0,7,0,5,2,0,4,4,4,4,4,3,3,3,3,4,3,2,3,2,2,2,3,2,2,3,2,2,1,2,2,3,2,3,3,2,3,3,2,2,2,3,2,3,3,2,3,3,3,3,3,3,3,3,3,3,3,3,3,3,4,3,3,3,3,3,3,4,3,4,4,4
11338,0,1,0,0,0,1,0,0,1,0,0,3,0,3,0,6,0,5,0,5,4,0,3,1,3,3,2,2,2,2,1,3,2,2,1,2,2,2,3,2,1,2,2,2,2,2,2,2,2,2,2,2,2,2,2,2,2,3,2,3,3,2,2,2,2,2,2,2,3,3,3,3,3,3,3,3,3,3,3,3,3,5,7,8,10,11,10,7
11338,0,2,0,0,0,2,0,0,3,0,0,4,0,4,0,5,0,4,0,4,4,0,3,2,1,2,2,2,2,2,1,2,2,2,2,1,1,1,2,2,1,2,2,2,2,2,2,2,2,2,2,1,2,2,2,2,2,2,2,2,2,2,2,2,2,2,2,2,3,3,3,3,3,2,3,3,3,3,3,3,3,4,8,9,9,12,10,7
11338,0,2,0,0,0,2,0,0,3,0,0,3,0,3,0,4,0,3,0,3,3,0,3,3,3,3,2,2,2,2,1,3,1,2,2,2,1,2,2,2,2,2,3,2,2,2,2,2,2,2,2,2,2,2,2,3,2,2,2,3,2,2,3,2,3,2,2,2,2,3,3,3,2,2,3,3,3,3,3,3,3,4,8,9,9,12,10,7
11338,0,1,0,0,0,1,0,0,2,0,0,1,0,3,0,3,0,1,0,1,1,0,1,1,1,1,1,2,1,1,1,2,1,2,1,1,1,1,2,2,1,2,2,2,2,2,2,2,2,2,2,2,2,2,2,2,2,2,2,2,2,2,2,2,2,2,2,2,2,3,2,3,2,2,3,3,3,3,3,3,3,4,8,9,9,12,10,7
11338,0,1,0,0,0,1,0,0,1,0,0,1,0,3,0,3,0,2,0,2,1,0,1,1,1,1,1,2,1,1,1,2,1,2,1,1,1,1,2,2,1,2,3,2,1,2,2,2,2,2,2,2,2,2,2,2,2,2,2,2,2,2,2,2,2,2,2,2,2,3,3,3,2,2,3,3,3,3,3,3,3,4,8,9,9,12,10,7
11338,0,1,0,0,0,1,0,0,1,0,0,1,0,3,0,3,0,2,0,1,1,0,1,1,1,1,1,2,1,1,1,2,1,1,2,1,1,1,2,2,1,2,3,2,1,2,2,2,2,2,2,2,2,2,2,2,2,2,2,2,2,2,2,2,2,2,2,2,2,3,3,3,2,2,3,3,3,3,3,3,3,4,8,9,9,12,10,7
11338,0,1,0,0,0,0,0,0,2,0,0,1,0,3,0,3,0,2,0,1,1,0,1,1,1,2,1,2,1,1,1,1,1,1,1,1,1,1,2,2,1,2,2,2,1,2,2,2,2,2,2,2,2,2,2,2,2,2,2,2,2,2,2,2,2,2,2,2,2,3,3,2,3,2,3,3,3,3,3,3,3,4,8,9,9,12,10,7
11338,0,0,0,0,0,1,0,0,1,0,0,1,0,3,0,3,0,2,0,1,1,0,2,1,1,2,1,2,1,1,1,2,1,1,1,1,1,1,2,2,1,2,3,2,1,2,2,2,2,1,2,2,1,2,2,2,2,2,2,2,2,2,2,2,2,2,2,2,2,3,3,3,2,2,3,3,3,3,3,3,3,4,8,9,9,12,10,7
11338,0,1,0,0,0,1,0,0,1,0,0,1,0,3,0,3,0,2,0,1,1,0,2,1,1,1,2,1,2,1,1,2,1,1,1,1,1,1,2,2,1,2,2,2,2,2,2,2,2,1,2,2,1,2,2,2,2,2,2,2,2,2,2,2,2,2,2,2,2,3,3,3,2,2,3,3,3,3,3,3,3,4,8,9,9,12,10,7
11338,0,1,0,0,0,1,0,0,1,0,0,1,0,2,0,3,0,2,0,1,2,0,2,1,1,2,2,2,1,1,1,2,1,1,1,1,1,1,2,2,1,2,2,2,2,2,2,2,2,2,2,2,1,2,1,2,2,2,2,2,2,2,2,2,2,2,2,2,2,2,2,3,2,3,3,3,3,3,3,3,3,4,8,9,9,12,10,7
11338,0,1,0,0,0,1,0,0,2,0,0,2,0,2,0,3,0,1,0,1,2,0,2,1,1,1,2,1,1,1,1,2,1,1,1,1,1,1,2,2,2,2,2,2,2,2,2,2,2,2,2,2,1,3,1,2,2,2,2,2,2,2,2,2,2,2,2,2,2,2,3,3,2,2,3,3,3,3,3,3,3,4,8,9,9,12,10,7
11338,0,1,0,0,0,1,0,0,1,0,0,1,0,3,0,3,0,1,0,2,2,0,2,1,1,2,2,1,1,1,2,2,1,1,2,1,1,1,2,2,2,2,2,2,2,2,2,2,2,2,2,2,1,2,1,2,2,2,2,2,2,2,2,2,2,2,2,2,2,2,2,2,2,3,3,3,3,3,3,3,3,4,8,9,9,12,10,7
11338,0,1,0,0,0,1,0,0,1,0,0,1,0,3,0,3,0,1,0,2,2,0,2,1,1,2,2,1,1,1,2,2,1,1,1,1,1,2,2,2,2,2,2,2,2,2,2,2,2,2,2,2,2,2,2,2,2,2,2,2,2,2,2,3,2,2,2,2,2,3,2,2,2,3,3,3,3,3,3,3,3,3,5,5,5,6,5,4
11338,0,1,0,0,0,1,0,0,1,0,0,1,0,3,0,4,0,1,0,2,2,0,2,1,1,2,2,1,1,1,2,2,1,1,1,1,1,1,2,2,2,2,3,2,2,2,2,2,1,2,2,2,1,2,2,2,2,2,2,2,2,2,2,2,2,2,2,2,2,3,2,2,2,3,3,3,3,3,3,3,3,3,3,3,3,3,3,4
11338,0,1,0,0,0,1,0,0,1,0,0,1,0,3,0,3,0,1,0,2,2,0,2,1,1,1,2,1,1,1,2,2,1,1,1,1,1,1,2,2,2,2,2,2,2,2,2,2,1,2,2,2,2,2,2,2,2,2,2,2,2,2,3,2,2,2,2,2,3,3,3,3,2,3,3,3,3,3,3,3,3,3,3,3,3,3,3,3
11338,0,1,0,0,0,1,0,0,1,0,0,2,0,3,0,3,0,2,0,2,2,0,2,1,1,1,2,1,1,1,2,2,1,1,1,1,1,1,2,2,2,2,2,2,2,2,2,2,1,2,2,2,2,2,2,2,2,2,2,2,2,2,3,3,2,3,2,2,3,3,3,3,3,3,3,3,3,3,3,3,3,3,3,3,3,3,3,3
11338,0,1,0,0,0,1,0,0,0,0,0,1,0,3,0,3,0,2,0,1,2,0,2,1,1,1,2,1,1,1,2,2,1,1,1,1,1,1,2,2,2,2,2,2,3,2,3,2,1,2,2,2,2,2,2,2,2,2,3,2,2,2,3,3,2,3,3,2,3,3,3,3,3,3,3,3,3,3,3,3,3,3,3,3,3,3,3,3
11338,0,1,0,0,0,1,0,0,1,0,0,1,0,2,0,3,0,2,0,2,2,0,1,1,1,1,1,1,1,1,1,2,1,1,1,1,1,2,2,2,2,2,2,2,2,2,3,2,2,2,2,2,1,2,2,2,2,2,2,2,2,2,3,3,2,3,3,2,3,3,3,3,3,3,2,3,2,3,3,3,3,3,3,3,3,4,3,3
11338,0,1,0,0,0,1,0,0,2,0,0,1,0,2,0,3,0,2,0,2,2,0,1,1,1,1,2,1,1,1,1,2,1,1,1,1,1,1,2,2,2,2,2,2,2,3,3,2,2,2,2,2,1,2,2,2,2,3,2,2,2,2,3,2,2,3,3,2,3,3,3,3,3,3,3,3,3,3,3,3,3,3,3,4,3,3,4,3
11338,0,1,0,0,0,1,0,0,2,0,0,1,0,2,0,3,0,2,0,2,2,0,2,1,2,1,1,1,1,2,1,2,1,1,1,1,1,1,2,1,2,2,2,1,2,2,2,2,2,2,3,2,2,2,2,2,2,3,2,3,2,2,3,3,2,3,3,3,4,3,3,3,3,3,3,3,3,3,3,3,3,3,3,4,4,4,4,3
11338,0,1,0,0,0,1,0,0,1,0,0,2,0,3,0,3,0,1,0,2,2,0,1,1,0,2,1,1,1,2,1,1,1,1,1,1,1,1,2,1,2,2,2,1,2,2,2,3,2,2,3,2,2,2,2,2,2,3,2,3,3,2,3,3,2,3,3,3,4,3,3,3,3,3,3,3,3,3,3,3,3,3,3,4,4,4,3,3
11338,0,1,0,0,0,1,0,0,1,0,0,2,0,3,0,3,0,1,0,1,2,0,1,2,1,1,1,1,1,2,1,1,1,1,1,1,1,2,2,1,2,2,2,2,2,3,2,3,2,2,3,2,2,2,3,2,2,3,2,3,3,2,3,3,2,3,3,3,4,4,3,3,3,3,3,3,3,3,3,3,3,3,3,4,4,4,4,4
11338,0,1,0,0,0,1,0,0,1,0,0,1,0,3,0,3,0,2,0,1,2,0,1,1,1,2,1,1,1,2,1,1,1,1,1,1,1,2,2,1,2,2,2,1,2,3,2,3,2,2,3,2,2,2,3,2,2,3,3,3,2,2,3,3,3,3,3,3,4,4,3,4,3,3,3,3,3,3,3,3,4,4,3,4,4,4,4,4
11338,0,1,0,0,0,0,0,0,1,0,0,2,0,3,0,3,0,2,0,2,2,0,2,1,1,2,1,1,1,2,1,1,1,1,1,1,1,2,2,2,1,2,2,1,2,3,2,3,2,2,3,2,2,2,3,2,2,3,3,2,3,2,3,3,3,3,3,3,5,4,3,4,4,3,3,3,3,3,3,3,4,3,4,4,4,4,4,4
11338,0,1,0,0,0,0,0,0,1,0,0,1,0,3,0,3,0,2,0,2,2,0,2,1,1,2,1,1,1,2,1,1,1,1,1,1,1,2,2,1,1,2,2,1,2,3,3,3,2,2,3,2,2,2,3,2,2,3,3,2,3,2,3,3,3,3,3,3,5,4,4,4,4,3,3,3,3,4,3,3,4,4,4,4,4,4,4,4
11338,0,1,0,0,0,1,0,0,1,0,0,2,0,3,0,3,0,2,0,2,2,0,2,1,1,1,2,1,1,1,1,2,1,1,1,1,1,2,2,1,2,2,2,1,2,3,2,3,2,3,3,2,2,2,3,2,2,3,3,3,3,3,3,3,3,3,3,4,5,4,4,4,4,4,3,3,3,3,4,3,4,4,4,4,4,4,4,4
11338,0,1,0,0,0,1,0,0,2,0,0,2,0,3,0,3,0,1,0,2,2,0,2,2,2,1,2,1,2,1,2,1,1,1,1,1,1,2,2,1,2,2,2,2,2,3,2,3,2,3,2,2,2,2,3,2,2,3,3,3,2,3,2,3,3,3,3,4,5,4,4,5,4,4,3,3,3,4,4,3,4,4,4,4,4,4,4,4
11338,0,1,0,0,0,1,0,0,2,0,0,2,0,2,0,3,0,1,0,2,2,0,2,2,2,1,2,1,2,1,2,1,1,1,1,1,1,2,2,1,2,2,2,2,2,3,2,3,2,3,2,2,2,2,3,2,2,3,3,3,2,3,3,3,3,3,3,4,5,4,4,5,4,4,3,3,3,3,4,3,4,4,4,4,4,4,4,4
11338,0,1,0,0,0,1,0,0,1,0,0,2,0,3,0,3,0,1,0,2,2,0,3,1,1,1,2,2,2,1,1,2,1,1,1,1,1,2,2,1,1,2,2,2,2,2,2,3,2,3,2,2,2,2,3,2,2,3,3,3,2,3,3,3,3,2,3,4,5,4,4,4,4,4,3,3,3,4,4,3,4,4,4,4,4,4,4,4
11338,0,1,0,0,0,1,0,0,1,0,0,2,0,2,0,3,0,1,0,2,2,0,3,2,1,2,2,1,2,1,1,2,1,1,1,2,1,2,2,2,1,2,2,2,2,3,2,3,2,3,2,2,2,2,3,2,3,3,2,3,2,3,3,3,3,2,3,4,5,5,4,4,4,4,3,3,3,3,4,3,4,4,4,4,4,4,4,4
11338,0,1,0,0,0,1,0,0,1,0,0,2,0,3,0,4,0,2,0,2,2,0,3,2,1,1,2,2,2,1,1,1,1,1,1,1,1,2,2,2,1,2,2,2,2,3,2,3,2,3,2,2,2,2,3,2,3,3,3,2,2,3,3,3,3,3,3,4,5,4,4,5,4,4,3,4,3,3,4,3,4,4,4,4,4,4,4,4
11338,0,1,0,0,0,1,0,0,1,0,0,2,0,2,0,4,0,1,0,2,2,0,3,2,2,1,2,2,1,1,1,2,1,1,1,1,1,2,2,2,1,2,2,1,2,2,3,3,2,3,2,2,2,2,3,2,3,3,2,2,3,3,3,3,3,2,3,4,5,5,4,5,4,4,3,4,3,4,4,3,4,4,4,4,4,4,4,4
11338,0,1,0,0,0,1,0,0,1,0,0,2,0,3,0,4,0,1,0,2,3,0,3,2,2,1,2,2,1,1,1,2,1,1,2,1,1,2,2,2,2,2,2,1,2,2,3,3,2,3,2,2,2,2,3,2,3,3,3,3,2,2,3,3,3,2,3,3,5,5,4,5,4,4,3,3,4,3,4,4,4,4,4,4,4,4,4,4
11338,0,1,0,0,0,1,0,0,1,0,0,2,0,3,0,3,0,1,0,2,3,0,3,2,2,1,2,2,1,1,1,2,1,1,1,1,1,2,2,2,2,2,2,2,2,2,2,3,2,3,2,2,2,2,2,3,3,3,2,2,2,2,3,2,3,2,3,3,5,5,4,5,4,4,3,3,3,3,4,4,4,4,4,4,4,4,4,4
11338,0,1,0,0,0,1,0,0,1,0,0,2,0,2,0,3,0,1,0,2,2,0,3,2,2,2,2,2,2,1,1,2,2,1,2,1,1,2,2,2,2,2,2,1,1,2,2,3,2,3,2,2,2,2,2,3,3,2,2,2,2,3,3,2,3,2,3,4,5,5,4,5,4,4,3,3,3,3,4,4,4,4,4,4,4,4,4,4
11338,0,1,0,0,0,1,0,0,1,0,0,2,0,2,0,3,0,2,0,2,3,0,3,2,2,2,2,2,2,1,1,2,2,1,1,1,1,1,1,2,2,2,2,1,2,2,2,3,2,3,2,2,2,2,2,3,2,2,3,3,2,3,3,2,3,2,3,4,5,5,4,5,4,4,3,4,3,3,4,3,4,4,4,4,4,4,4,4
11338,0,1,0,0,0,1,0,0,1,0,0,2,0,2,0,3,0,2,0,2,3,0,3,2,2,2,2,2,2,1,1,2,1,1,2,1,1,1,2,2,2,2,2,2,1,2,3,3,2,2,2,2,2,2,2,3,3,2,2,2,2,2,3,3,2,2,3,3,5,5,4,5,4,4,3,3,3,3,4,4,4,4,4,4,4,4,4,4
11338,0,1,0,0,0,1,0,0,1,0,0,1,0,3,0,3,0,2,0,2,2,0,3,2,2,2,2,2,1,1,2,2,1,1,1,1,1,1,2,2,2,2,2,2,1,2,2,3,2,3,2,2,2,2,2,3,3,2,2,2,2,2,3,2,3,2,3,4,5,5,4,4,4,4,3,3,3,3,4,4,3,4,4,4,4,4,4,4
11338,0,1,0,0,0,1,0,0,1,0,0,1,0,3,0,3,0,2,0,2,2,0,3,2,2,1,2,2,1,2,2,2,1,1,2,1,1,1,1,2,2,2,2,1,2,2,2,3,2,2,2,2,2,2,2,2,3,2,2,2,2,2,3,2,2,2,3,4,5,4,4,4,4,4,3,3,3,3,3,4,3,4,4,4,4,4,4,4
11338,0,1,0,0,0,1,0,0,1,0,0,1,0,3,0,3,0,2,0,2,2,0,3,2,2,1,2,1,1,1,2,2,1,1,2,1,1,1,1,2,2,2,2,2,2,2,2,3,2,2,2,2,2,2,2,2,2,3,2,2,2,2,3,3,2,2,3,4,5,4,4,5,4,3,3,3,3,3,3,4,3,3,4,4,4,4,4,4
11338,0,1,0,0,0,1,0,0,1,0,0,0,0,3,0,3,0,2,0,2,2,0,3,2,2,1,2,2,1,1,2,2,1,1,2,1,1,1,1,2,2,2,2,2,2,2,2,3,2,2,2,2,2,2,2,3,2,2,2,2,2,2,3,2,2,3,3,4,5,4,4,5,4,3,3,3,3,3,3,4,3,3,4,4,4,4,4,4
11338,0,1,0,0,0,1,0,0,2,0,0,1,0,3,0,3,0,1,0,1,2,0,3,1,2,2,2,1,1,1,2,2,1,1,2,1,1,1,2,2,2,2,2,2,1,2,2,3,2,2,2,2,1,2,3,2,2,3,2,2,3,2,3,3,2,3,3,4,5,4,4,5,4,3,3,3,3,3,3,3,4,3,4,4,4,4,4,4
11338,0,1,0,0,0,1,0,0,1,0,0,1,0,3,0,3,0,2,0,2,2,0,2,1,2,1,2,1,1,1,2,2,1,1,2,1,1,1,2,2,1,2,2,2,2,2,2,3,2,3,2,2,2,2,3,2,2,3,2,2,3,2,3,2,2,2,3,4,5,4,4,4,4,3,3,3,3,3,3,3,3,3,4,4,4,4,4,4
11338,0,1,0,0,0,1,0,0,1,0,0,2,0,3,0,3,0,2,0,2,2,0,2,1,2,1,2,1,1,1,2,2,1,1,2,1,1,1,2,2,1,2,2,2,2,2,2,3,2,3,2,2,2,2,3,2,2,3,2,2,3,2,3,2,2,2,3,4,4,4,4,4,4,3,3,3,3,3,3,3,3,3,4,4,3,4,3,4
11338,0,1,0,0,0,1,0,0,1,0,0,1,0,2,0,3,0,1,0,2,2,0,2,2,2,1,2,1,1,1,2,2,1,1,2,1,1,1,2,2,1,2,2,2,2,2,2,2,2,2,2,2,2,2,3,3,3,2,2,2,3,2,3,2,2,2,3,4,4,4,4,4,3,3,3,3,3,3,3,3,3,3,4,4,3,4,3,4
11338,0,1,0,0,0,1,0,0,2,0,0,1,0,2,0,3,0,1,0,1,2,0,2,1,1,1,2,1,1,1,1,2,1,1,2,2,1,1,2,2,1,2,2,2,2,2,2,2,2,2,2,2,2,2,3,3,2,2,2,2,3,2,2,2,3,3,3,4,4,4,4,4,3,3,3,3,3,3,3,3,3,3,4,4,3,4,3,4
11338,0,1,0,0,0,1,0,0,2,0,0,1,0,3,0,3,0,2,0,1,2,0,2,1,1,1,2,1,1,2,1,1,1,1,2,2,1,1,2,2,1,1,2,2,2,2,2,3,2,2,2,2,2,2,3,3,2,2,2,2,3,2,3,2,2,2,3,4,3,4,4,4,3,3,3,3,3,4,3,3,3,4,4,4,3,4,3,4
11338,0,1,0,0,0,1,0,0,2,0,0,1,0,3,0,3,0,1,0,1,2,0,2,2,1,2,2,1,1,2,1,2,1,1,1,1,1,1,2,2,1,1,2,2,1,2,2,2,2,2,2,2,2,2,3,3,2,2,2,2,3,2,2,2,2,2,3,4,3,4,3,4,3,3,3,3,3,3,3,3,3,4,4,4,3,4,3,4
11338,0,1,0,0,0,1,0,0,1,0,0,1,0,3,0,3,0,1,0,1,1,0,1,2,2,1,2,2,1,1,1,2,2,1,2,2,1,1,2,2,1,2,2,2,1,2,2,2,2,2,2,2,2,2,3,2,2,2,2,2,3,2,2,2,3,2,3,3,3,3,3,4,3,3,3,3,3,3,3,3,3,4,3,4,3,4,3,4
11338,0,0,0,0,0,1,0,0,1,0,0,1,0,3,0,3,0,1,0,1,1,0,1,2,2,1,2,2,1,1,1,2,2,1,2,2,1,1,2,2,1,2,2,2,1,2,2,2,2,2,2,2,2,2,3,3,2,2,2,2,3,2,2,2,3,2,3,3,3,4,3,4,3,3,3,3,3,3,3,3,3,3,3,4,3,4,3,4
11338,0,1,0,0,0,1,0,0,1,0,0,1,0,3,0,3,0,2,0,1,1,0,1,2,2,1,1,2,1,1,1,2,1,1,2,1,1,1,2,2,1,2,3,2,1,2,2,2,2,2,2,2,2,2,3,2,2,2,2,2,3,2,2,2,3,2,3,3,3,4,3,4,3,3,3,3,3,3,3,3,3,3,3,4,3,4,4,4
11338,0,1,0,0,0,1,0,0,1,0,0,2,0,2,0,3,0,1,0,1,1,0,2,2,1,1,1,2,1,1,1,2,1,1,2,2,1,1,2,2,1,2,2,2,1,2,2,2,2,2,2,1,2,2,3,3,2,3,2,2,3,2,2,2,3,2,3,4,4,4,3,4,3,3,3,3,3,3,3,3,3,3,3,3,3,4,4,4
11338,0,0,0,0,0,1,0,0,1,0,0,2,0,2,0,3,0,2,0,1,1,0,2,1,1,2,1,2,1,1,1,2,2,0,2,1,1,1,2,2,1,2,2,2,1,2,3,2,2,2,2,2,2,2,3,2,2,3,2,2,2,2,2,2,3,2,3,3,4,4,3,4,3,3,3,3,3,3,3,3,3,3,3,3,3,4,4,4
11338,0,1,0,0,0,1,0,0,2,0,0,2,0,2,0,3,0,1,0,1,1,0,1,2,1,2,2,2,1,1,0,2,2,1,2,1,1,2,2,2,1,2,2,2,1,2,2,2,2,1,2,1,2,2,3,2,2,3,2,2,2,2,2,2,3,2,3,3,4,4,3,4,3,3,3,3,3,3,3,3,3,3,3,3,3,4,4,4
11338,0,1,0,0,0,2,0,0,2,0,0,2,0,2,0,3,0,1,0,1,1,0,1,1,1,2,2,2,2,1,1,2,2,1,2,1,1,1,2,2,1,1,2,2,1,2,2,2,2,2,2,1,2,2,3,3,2,3,2,2,2,2,2,2,3,2,3,3,4,3,3,4,3,3,3,3,3,3,3,3,3,3,3,3,3,4,4,4
11338,0,1,0,0,0,2,0,0,1,0,0,1,0,2,0,3,0,1,0,1,1,0,1,1,1,2,2,2,1,1,1,2,2,0,2,1,1,1,2,2,1,1,2,2,2,2,2,2,2,2,2,1,2,1,3,2,2,3,2,2,2,2,2,2,2,2,3,3,4,3,3,4,3,3,3,3,3,3,3,3,3,3,3,3,3,4,4,4
11338,0,1,0,0,0,1,0,0,1,0,0,1,0,3,0,3,0,1,0,1,1,0,1,1,1,2,2,1,1,1,1,1,2,1,2,1,1,1,2,2,1,2,2,2,1,2,2,2,2,2,2,1,2,1,3,2,2,3,2,2,2,2,2,2,2,2,3,3,4,3,3,4,3,3,3,3,3,3,3,3,3,3,3,3,3,4,4,4
11338,0,1,0,0,0,1,0,0,1,0,0,1,0,3,0,3,0,1,0,1,1,0,2,2,1,1,2,1,1,1,1,1,2,1,2,1,0,2,2,2,1,1,2,2,2,2,2,2,2,2,2,1,2,2,3,2,2,3,2,2,2,2,2,2,3,2,2,3,4,3,3,4,3,3,3,3,3,3,3,3,3,3,3,3,3,4,4,4
11338,0,1,0,0,0,1,0,0,1,0,0,1,0,3,0,3,0,1,0,1,1,0,1,1,1,1,2,1,1,1,1,1,1,1,2,1,1,2,2,2,1,2,2,2,1,2,2,2,2,2,2,1,2,1,3,2,2,3,2,2,2,2,2,2,2,2,3,3,4,3,3,4,3,3,3,3,3,3,3,3,3,3,3,3,3,4,4,4
11338,0,1,0,0,0,1,0,0,1,0,0,1,0,3,0,3,0,1,0,1,1,0,1,1,1,1,2,1,1,1,1,2,1,1,2,1,1,2,2,2,1,2,2,2,1,2,2,2,2,2,2,1,2,2,2,2,2,3,2,2,2,2,2,2,2,2,3,3,3,3,3,4,3,3,3,3,3,3,3,3,3,3,3,3,3,4,3,4
11338,0,1,0,0,0,1,0,0,1,0,0,1,0,3,0,3,0,2,0,1,1,0,1,1,1,1,2,1,1,1,1,2,1,1,2,1,1,2,1,2,1,2,2,1,2,2,2,2,2,2,2,1,2,2,2,2,2,3,2,2,2,2,2,2,2,2,3,3,4,3,3,3,3,3,3,3,3,3,3,3,3,3,3,3,3,4,3,4
11338,0,1,0,0,0,1,0,0,1,0,0,2,0,2,0,3,0,2,0,1,1,0,1,1,1,1,1,2,1,1,1,2,1,1,2,1,1,2,2,2,1,2,2,1,2,2,2,2,2,2,2,1,2,2,2,2,2,3,2,2,2,2,2,2,2,2,3,3,4,3,3,3,3,3,3,3,3,3,3,3,3,3,3,3,3,4,3,4
11338,0,1,0,0,0,1,0,0,0,0,0,2,0,2,0,3,0,2,0,1,1,0,1,1,1,1,2,1,1,1,1,2,1,1,2,1,1,2,2,2,1,2,2,2,2,2,2,2,2,2,2,1,2,2,2,2,2,2,2,2,2,2,2,2,2,2,2,3,3,3,3,3,3,3,3,3,3,3,3,3,3,3,3,3,3,4,3,4
11338,0,1,0,0,0,0,0,0,1,0,0,2,0,2,0,3,0,2,0,1,1,0,1,1,1,1,2,1,1,1,1,2,1,1,2,1,1,2,2,2,2,2,2,2,2,2,2,2,1,2,2,2,2,2,2,2,2,2,2,2,2,2,2,2,2,2,3,3,3,3,3,3,3,3,3,3,3,3,3,3,3,3,3,3,3,4,3,3
11338,0,1,0,0,0,1,0,0,1,0,0,2,0,3,0,3,0,1,0,1,1,0,1,2,1,1,1,1,1,1,1,2,1,1,1,1,0,2,2,2,2,2,2,1,2,2,2,2,1,2,2,2,2,2,1,2,2,2,2,2,2,2,2,2,2,2,2,3,3,3,3,3,2,3,3,3,3,2,3,3,3,3,3,3,3,4,3,3
11338,0,1,0,0,0,1,0,0,1,0,0,1,0,3,0,3,0,1,0,1,1,0,2,2,0,1,1,1,1,1,1,2,1,1,2,2,1,1,2,2,2,2,2,2,2,2,2,2,1,2,2,1,1,2,2,2,2,2,2,2,2,2,2,2,2,2,2,3,3,3,3,3,2,3,3,3,3,3,3,3,3,3,3,3,3,3,3,3
11338,0,1,0,0,0,1,0,0,1,0,0,1,0,3,0,3,0,1,0,1,1,0,2,2,1,1,1,1,1,1,1,2,1,1,2,1,1,1,2,2,2,2,2,2,2,2,2,2,2,2,2,2,1,2,2,2,2,2,2,2,2,2,2,2,2,2,2,3,3,3,3,3,3,3,3,3,3,3,3,3,3,3,3,3,3,4,3,3
11338,0,1,0,0,0,1,0,0,1,0,0,1,0,3,0,3,0,1,0,1,1,0,2,2,1,1,1,1,1,1,1,2,1,1,2,1,0,1,2,2,2,2,3,2,2,2,2,2,1,2,2,1,2,2,2,2,2,2,2,2,2,2,2,2,2,3,3,3,3,3,3,3,3,3,3,3,3,3,3,3,3,3,3,3,3,4,3,3
11338,0,0,0,0,0,1,0,0,1,0,0,1,0,3,0,3,0,1,0,1,1,0,1,2,1,1,1,1,1,1,1,2,1,1,2,1,1,1,2,2,2,2,3,2,2,1,2,2,1,2,2,1,2,2,2,2,2,2,2,2,2,2,2,2,2,3,2,3,3,3,3,3,3,3,3,3,3,3,3,3,3,3,3,3,3,4,3,3
11338,0,1,0,0,0,1,0,0,1,0,0,1,0,3,0,3,0,1,0,1,2,0,1,2,1,1,1,1,1,1,1,2,1,1,2,1,1,1,1,2,2,2,2,2,2,1,2,2,1,2,2,1,2,2,2,2,2,2,2,2,2,2,2,2,2,2,2,3,3,3,3,3,2,3,3,2,3,3,3,3,3,3,3,3,3,4,3,3
11338,0,1,0,0,0,1,0,0,1,0,0,1,0,2,0,3,0,1,0,1,2,0,1,2,1,2,1,1,1,1,1,1,1,1,2,1,0,1,2,1,2,1,2,2,2,2,1,2,1,2,2,1,2,2,2,2,2,2,2,2,2,2,2,2,2,3,2,3,3,2,3,2,2,3,3,2,3,3,3,3,3,3,3,3,3,3,3,3
11338,0,1,0,0,0,1,0,0,1,0,0,1,0,2,0,3,0,1,0,1,2,0,1,2,1,1,1,0,1,1,2,1,1,1,1,1,0,1,2,2,2,1,2,2,2,2,1,2,1,2,2,2,2,2,2,2,2,1,2,2,2,2,2,2,2,3,2,3,3,2,3,2,3,2,3,2,3,3,3,3,3,3,3,3,3,3,3,3
11338,0,1,0,0,0,1,0,0,1,0,0,2,0,2,0,3,0,1,0,1,1,0,1,2,1,2,1,1,1,1,1,2,1,1,1,1,0,1,2,1,2,1,2,2,2,1,1,2,1,2,2,2,2,2,2,2,2,2,2,2,2,2,2,2,2,3,2,3,3,2,3,2,2,2,3,2,3,3,3,3,3,3,3,3,3,3,3,3
11338,0,0,0,0,0,1,0,0,1,0,0,2,0,3,0,3,0,1,0,1,2,0,1,1,1,2,1,1,1,1,1,2,1,1,1,1,1,1,1,2,2,1,2,2,1,2,2,2,2,2,2,1,2,2,2,2,2,2,2,2,2,2,2,2,2,2,2,3,2,2,3,3,3,3,3,2,3,3,3,3,3,3,3,3,3,3,3,3
11338,0,1,0,0,0,1,0,0,1,0,0,2,0,3,0,3,0,1,0,1,2,0,1,1,2,2,1,1,1,1,1,2,1,1,2,1,1,1,1,1,2,1,2,2,1,1,2,2,2,2,2,2,2,2,2,2,2,2,2,2,2,2,2,2,2,2,2,3,2,2,3,3,3,2,3,2,3,3,3,3,3,3,3,3,3,3,3,3
11338,0,1,0,0,0,1,0,0,1,0,0,1,0,3,0,3,0,1,0,1,2,0,1,1,2,2,1,1,1,1,1,2,1,1,2,1,1,1,2,2,1,2,3,1,1,2,2,2,1,2,2,2,2,2,2,2,2,1,2,2,2,2,2,2,2,2,2,3,2,2,3,3,3,3,3,2,3,3,3,3,3,3,3,3,3,3,3,3
11338,0,1,0,0,0,1,0,0,1,0,0,1,0,3,0,3,0,1,0,1,2,0,1,1,1,1,1,2,1,1,2,1,1,1,1,1,1,1,1,1,1,2,3,1,1,2,2,2,1,2,2,1,2,2,2,2,2,2,2,2,2,2,2,2,2,2,2,3,2,3,3,3,3,3,3,2,3,3,3,3,3,3,3,3,3,4,3,3
11338,0,1,0,0,0,1,0,0,1,0,0,1,0,3,0,3,0,1,0,1,2,0,2,1,1,1,2,1,1,1,2,1,1,1,1,1,1,1,1,1,1,2,3,1,1,2,2,2,1,2,2,1,2,2,2,2,2,2,2,2,2,2,2,2,2,2,2,3,2,3,3,3,3,3,3,3,3,3,3,3,3,3,3,3,3,3,3,3
11338,0,1,0,0,0,1,0,0,1,0,0,2,0,3,0,3,0,2,0,2,2,0,1,1,1,1,2,1,1,1,2,1,1,1,1,1,1,1,2,1,1,1,2,2,1,2,2,2,2,2,2,2,1,2,2,2,2,2,2,2,2,2,2,2,2,2,2,2,2,3,3,3,3,3,3,2,3,3,3,3,3,3,3,3,3,3,3,3
11338,0,1,0,0,0,1,0,0,1,0,0,2,0,2,0,3,0,2,0,2,2,0,1,1,1,1,2,1,1,1,1,1,1,1,1,1,1,1,1,1,1,1,2,2,1,2,2,2,2,2,2,2,1,2,2,2,2,1,2,2,2,2,2,2,2,2,2,2,2,3,3,3,2,3,3,2,3,3,3,3,3,3,3,3,3,3,3,3
11338,0,1,0,0,0,1,0,0,1,0,0,2,0,2,0,3,0,2,0,1,1,0,1,1,1,1,2,1,1,1,1,1,1,1,1,1,1,1,2,1,1,2,2,2,1,2,2,2,2,2,2,2,1,2,2,2,2,2,2,2,2,2,2,2,2,2,2,2,2,3,3,2,3,3,2,2,3,3,3,3,3,3,3,3,3,3,3,3
11338,0,1,0,0,0,1,0,0,1,0,0,2,0,2,0,3,0,2,0,1,2,0,1,1,1,1,2,1,1,1,1,1,1,1,1,1,1,1,2,1,1,1,2,2,1,2,2,2,2,2,2,2,1,2,2,2,2,2,2,2,2,2,2,2,2,2,2,2,2,3,3,2,3,3,3,2,2,3,3,3,3,3,3,3,3,3,3,3
11338,0,1,0,0,0,1,0,0,1,0,0,2,0,3,0,3,0,2,0,1,2,0,1,1,1,1,2,1,1,1,1,1,1,1,1,2,1,1,2,1,1,2,2,2,2,2,2,2,2,2,2,2,2,2,2,2,2,2,2,2,2,2,2,2,2,2,2,2,2,3,3,3,3,3,3,3,2,3,3,3,3,3,3,3,3,3,3,3
11338,0,1,0,0,0,1,0,0,1,0,0,2,0,3,0,3,0,2,0,1,2,0,0,2,2,1,2,1,1,1,1,1,1,1,2,1,1,1,2,2,1,1,2,2,2,1,2,2,2,2,2,1,2,2,2,2,2,2,1,2,2,2,2,2,2,2,2,2,2,3,3,3,3,2,3,3,2,3,3,3,3,3,3,3,3,3,3,3
11338,0,1,0,0,0,1,0,0,1,0,0,1,0,3,0,3,0,2,0,1,2,0,1,1,1,1,2,1,1,1,1,1,1,1,2,1,1,1,2,2,1,2,2,2,1,2,2,2,2,2,2,2,2,2,2,2,2,2,2,2,2,2,2,2,2,2,2,2,2,3,2,3,3,2,3,3,2,3,3,3,3,3,3,3,3,3,3,3
11338,0,1,0,0,0,1,0,0,1,0,0,1,0,3,0,3,0,1,0,1,2,0,1,1,1,0,1,1,1,1,1,2,1,1,2,1,1,1,2,2,1,1,2,2,1,2,2,2,2,2,2,2,2,2,2,2,2,2,2,2,2,2,2,2,2,2,3,2,2,3,3,2,2,3,3,3,2,3,3,3,4,3,4,5,4,4,4,3
